Gender,Interests,Country,InterestCount,Age
1,0,0,3,47
1,0,0,3,49
1,0,0,5,53
0,0,0,1,57
0,0,0,4,21
0,0,0,2,31
0,0,0,4,25
1,0,0,2,40
1,0,0,3,50
1,0,0,5,46
1,0,0,3,45
1,0,0,4,40
0,0,0,3,43
0,0,0,1,52
1,0,0,5,61
1,0,0,5,49
1,0,0,4,63
0,0,0,2,22
0,0,0,2,45
1,0,0,2,32
1,0,0,5,57
0,0,0,5,54
1,0,0,2,67
1,0,0,5,39
1,0,0,1,53
1,0,0,5,33
1,0,0,5,60
0,0,0,4,46
0,0,0,4,55
0,0,0,5,53
0,0,0,2,54
1,0,0,3,22
0,0,0,2,36
0,0,0,5,36
0,0,0,4,25
1,0,0,1,27
1,0,0,5,48
0,0,0,3,47
1,0,0,5,58
0,0,0,4,70
1,0,0,2,21
1,0,0,5,35
0,0,0,3,53
1,0,0,4,55
0,0,0,3,30
1,0,0,5,67
0,0,0,1,58
0,0,0,3,64
1,0,0,1,60
0,0,0,2,22
1,0,0,2,20
0,0,0,4,24
0,0,0,5,50
0,0,0,4,43
0,0,0,3,28
1,0,0,5,30
1,0,0,2,51
0,0,0,5,53
0,0,0,5,44
0,0,0,2,60
1,0,0,5,57
0,0,0,5,31
0,0,0,1,28
1,0,0,2,61
1,0,0,4,67
1,0,0,3,65
1,0,0,3,59
0,0,0,1,61
0,0,0,1,66
1,0,0,1,49
1,1,0,1,31
1,1,0,5,31
1,1,0,5,30
0,1,0,4,30
1,1,0,5,53
0,1,0,1,31
0,1,0,5,66
0,1,0,4,63
1,1,0,3,66
0,1,0,4,49
1,1,0,5,28
0,1,0,5,38
0,1,0,5,55
0,1,0,4,39
1,1,0,2,44
0,1,0,2,37
1,1,0,3,63
0,1,0,1,43
1,1,0,4,46
0,1,0,1,66
0,1,0,2,39
1,1,0,1,23
1,1,0,3,29
0,1,0,2,60
0,1,0,3,42
0,1,0,4,51
0,1,0,3,40
0,1,0,1,67
1,1,0,1,66
1,1,0,1,39
1,1,0,5,63
1,1,0,1,20
0,1,0,1,47
1,1,0,1,63
1,1,0,5,40
0,1,0,1,50
0,1,0,4,45
0,1,0,4,39
1,1,0,1,49
0,1,0,4,62
1,1,0,1,65
1,1,0,4,67
1,1,0,3,58
1,1,0,4,56
1,1,0,2,32
1,1,0,1,51
1,1,0,3,47
1,1,0,4,62
1,1,0,1,67
0,1,0,5,37
1,1,0,3,38
0,1,0,4,22
1,1,0,1,43
1,1,0,1,45
1,1,0,2,46
0,1,0,4,49
1,1,0,5,42
1,1,0,2,51
1,1,0,5,52
1,1,0,5,41
0,1,0,5,63
1,1,0,5,35
1,1,0,5,53
1,1,0,3,59
1,1,0,5,34
0,1,0,4,42
0,1,0,3,19
0,1,0,3,35
1,1,0,3,47
1,1,0,5,42
0,2,0,3,65
0,2,0,4,61
0,2,0,4,19
0,2,0,3,36
1,2,0,4,20
1,2,0,1,61
0,2,0,3,44
1,2,0,4,33
0,2,0,5,55
1,2,0,4,49
1,2,0,3,29
1,2,0,5,35
1,2,0,3,69
1,2,0,1,27
0,2,0,1,62
0,2,0,5,23
1,2,0,3,63
0,2,0,4,68
0,2,0,4,56
1,2,0,1,33
0,2,0,5,34
0,2,0,1,50
1,2,0,2,63
1,2,0,2,26
0,2,0,5,38
0,2,0,1,23
0,2,0,2,37
1,2,0,4,47
1,2,0,1,33
0,2,0,2,24
0,2,0,1,28
0,2,0,3,40
0,2,0,2,55
0,2,0,1,38
0,2,0,1,54
0,2,0,3,22
1,2,0,3,43
1,2,0,4,54
1,2,0,3,57
1,2,0,2,24
1,2,0,3,67
0,2,0,5,42
1,2,0,2,21
1,2,0,4,25
1,2,0,5,22
0,2,0,2,52
0,2,0,4,33
1,2,0,3,26
0,2,0,3,23
0,2,0,1,68
0,2,0,4,24
0,2,0,2,56
0,2,0,4,51
0,2,0,2,58
0,2,0,4,46
1,2,0,1,69
0,2,0,3,43
0,2,0,4,31
1,2,0,5,32
1,2,0,4,27
1,2,0,4,34
1,2,0,2,56
1,2,0,5,38
0,2,0,4,21
1,2,0,5,41
0,2,0,5,59
1,2,0,2,51
0,2,0,3,37
0,2,0,1,69
1,2,0,2,56
1,3,0,5,35
0,3,0,1,23
0,3,0,3,52
0,3,0,1,70
0,3,0,5,41
1,3,0,2,59
0,3,0,1,19
0,3,0,3,67
0,3,0,5,29
0,3,0,2,66
1,3,0,1,43
1,3,0,4,49
1,3,0,2,23
0,3,0,4,32
1,3,0,1,22
1,3,0,4,25
1,3,0,3,35
0,3,0,1,34
0,3,0,1,61
1,3,0,4,23
1,3,0,5,53
1,3,0,3,30
0,3,0,5,46
1,3,0,5,19
0,3,0,5,54
0,3,0,4,31
1,3,0,2,69
0,3,0,3,58
1,3,0,4,60
0,3,0,1,27
0,3,0,1,68
0,3,0,4,45
1,3,0,4,31
1,3,0,2,57
0,3,0,4,57
1,3,0,5,48
1,3,0,2,19
1,3,0,5,50
1,3,0,4,54
0,3,0,4,67
1,3,0,2,27
0,3,0,3,29
0,3,0,5,58
0,3,0,1,22
1,3,0,2,34
0,3,0,5,57
0,3,0,3,60
0,3,0,3,60
0,3,0,1,56
1,3,0,1,68
0,3,0,3,20
0,3,0,2,34
0,3,0,4,62
0,3,0,1,38
0,3,0,1,60
1,3,0,1,24
1,3,0,2,50
1,3,0,1,60
1,3,0,3,32
0,3,0,4,61
1,3,0,5,36
0,3,0,1,26
1,3,0,2,66
0,3,0,5,51
1,3,0,1,23
0,3,0,1,40
1,3,0,3,42
0,3,0,2,41
1,3,0,2,56
1,3,0,5,60
0,4,0,2,46
1,4,0,1,65
1,4,0,1,68
1,4,0,4,47
1,4,0,5,36
1,4,0,1,26
1,4,0,1,31
0,4,0,2,43
1,4,0,3,36
0,4,0,4,36
0,4,0,5,33
0,4,0,4,65
0,4,0,5,34
0,4,0,1,42
0,4,0,3,43
1,4,0,4,66
0,4,0,3,62
0,4,0,2,64
1,4,0,2,26
0,4,0,5,34
0,4,0,3,58
1,4,0,4,65
0,4,0,4,50
0,4,0,3,32
0,4,0,2,21
1,4,0,1,35
1,4,0,3,32
0,4,0,2,43
0,4,0,1,35
1,4,0,4,64
1,4,0,4,37
0,4,0,1,56
0,4,0,4,54
1,4,0,5,30
1,4,0,4,69
0,4,0,3,19
1,4,0,3,66
0,4,0,2,59
1,4,0,3,64
1,4,0,3,45
0,4,0,5,61
0,4,0,1,49
1,4,0,2,29
1,4,0,3,55
1,4,0,1,24
0,4,0,3,23
0,4,0,5,24
1,4,0,2,58
1,4,0,3,47
0,4,0,3,24
1,4,0,4,46
0,4,0,5,58
1,4,0,4,58
0,4,0,1,60
0,4,0,3,32
1,4,0,5,43
1,4,0,4,58
0,4,0,3,23
1,4,0,3,64
0,4,0,2,53
0,4,0,5,26
1,4,0,2,49
0,4,0,2,37
1,4,0,5,58
1,4,0,2,43
0,4,0,1,37
1,4,0,4,54
0,4,0,2,38
0,4,0,3,32
0,4,0,4,28
1,5,0,5,28
1,5,0,1,25
1,5,0,4,37
0,5,0,4,69
1,5,0,3,69
1,5,0,3,38
1,5,0,4,36
0,5,0,3,38
1,5,0,1,20
0,5,0,5,64
0,5,0,2,44
0,5,0,1,25
0,5,0,2,41
0,5,0,3,54
1,5,0,1,34
1,5,0,5,56
1,5,0,3,32
1,5,0,3,43
0,5,0,2,22
0,5,0,5,45
1,5,0,4,59
1,5,0,2,45
0,5,0,1,59
1,5,0,4,61
0,5,0,2,32
1,5,0,3,26
0,5,0,2,66
1,5,0,3,55
0,5,0,3,25
1,5,0,1,61
0,5,0,4,66
0,5,0,3,28
0,5,0,3,52
0,5,0,1,47
1,5,0,1,53
0,5,0,5,61
1,5,0,4,62
1,5,0,1,55
0,5,0,5,47
0,5,0,5,37
1,5,0,4,57
0,5,0,4,34
0,5,0,2,21
0,5,0,5,51
0,5,0,1,56
1,5,0,4,36
0,5,0,3,50
0,5,0,5,41
0,5,0,3,48
0,5,0,5,53
0,5,0,1,23
1,5,0,3,49
1,5,0,3,46
0,5,0,3,32
0,5,0,2,46
1,5,0,4,23
1,5,0,3,59
1,5,0,5,43
0,5,0,4,52
1,5,0,5,42
0,5,0,4,61
0,5,0,3,64
0,5,0,5,20
0,5,0,5,68
1,5,0,2,49
1,5,0,3,21
1,5,0,3,66
0,5,0,5,26
0,5,0,4,33
1,5,0,4,69
1,6,0,1,64
1,6,0,4,64
0,6,0,1,30
1,6,0,2,31
0,6,0,2,63
1,6,0,2,69
1,6,0,1,67
1,6,0,1,63
1,6,0,1,39
1,6,0,5,66
0,6,0,2,29
1,6,0,4,33
0,6,0,2,34
1,6,0,3,43
0,6,0,5,50
0,6,0,3,43
0,6,0,4,34
0,6,0,5,67
0,6,0,3,49
0,6,0,5,26
0,6,0,2,39
1,6,0,2,64
0,6,0,1,54
0,6,0,5,35
0,6,0,1,56
1,6,0,5,22
1,6,0,4,62
0,6,0,1,30
1,6,0,5,58
1,6,0,1,66
1,6,0,2,64
1,6,0,4,24
1,6,0,1,30
1,6,0,2,22
1,6,0,2,36
1,6,0,2,42
0,6,0,5,23
1,6,0,4,28
0,6,0,5,30
1,6,0,1,21
0,6,0,2,37
0,6,0,5,34
0,6,0,2,31
0,6,0,3,52
0,6,0,5,41
0,6,0,2,60
1,6,0,5,32
1,6,0,4,45
0,6,0,5,49
0,6,0,3,33
1,6,0,4,68
1,6,0,4,22
0,6,0,5,24
0,6,0,2,28
1,6,0,4,31
1,6,0,3,49
1,6,0,1,47
1,6,0,2,27
1,6,0,5,34
0,6,0,5,36
0,6,0,2,64
1,6,0,3,66
0,6,0,3,46
1,6,0,5,54
0,6,0,1,32
0,6,0,3,67
1,6,0,3,50
0,6,0,2,56
1,6,0,5,43
1,6,0,5,60
1,7,0,5,36
0,7,0,2,50
1,7,0,1,49
0,7,0,4,48
1,7,0,1,32
1,7,0,3,67
1,7,0,3,38
0,7,0,2,25
1,7,0,4,35
0,7,0,5,29
0,7,0,5,58
1,7,0,4,63
1,7,0,1,62
1,7,0,5,40
1,7,0,2,69
1,7,0,1,32
1,7,0,4,20
1,7,0,5,36
0,7,0,1,29
0,7,0,4,25
0,7,0,1,26
1,7,0,3,22
1,7,0,3,58
1,7,0,1,36
1,7,0,3,27
0,7,0,5,25
0,7,0,1,40
1,7,0,3,68
1,7,0,3,36
0,7,0,2,51
1,7,0,4,64
0,7,0,1,47
0,7,0,5,23
0,7,0,1,55
1,7,0,5,47
1,7,0,5,51
0,7,0,3,38
0,7,0,5,30
0,7,0,1,35
0,7,0,4,26
0,7,0,4,31
0,7,0,4,46
1,7,0,1,50
0,7,0,1,60
1,7,0,4,35
0,7,0,4,32
1,7,0,5,51
0,7,0,2,56
1,7,0,5,33
0,7,0,5,25
0,7,0,2,67
1,7,0,3,57
1,7,0,3,35
0,7,0,1,39
0,7,0,2,54
0,7,0,3,63
0,7,0,1,61
0,7,0,1,68
0,7,0,2,63
0,7,0,5,48
0,7,0,5,64
0,7,0,2,30
0,7,0,5,65
1,7,0,4,21
1,7,0,4,24
1,7,0,3,45
1,7,0,3,27
1,7,0,1,30
1,7,0,3,53
1,7,0,5,65
1,8,0,5,35
0,8,0,5,22
0,8,0,4,24
1,8,0,3,62
1,8,0,4,38
1,8,0,2,27
0,8,0,5,58
1,8,0,4,36
1,8,0,4,40
0,8,0,1,60
0,8,0,1,34
0,8,0,4,23
1,8,0,4,27
1,8,0,3,29
0,8,0,2,32
1,8,0,5,64
0,8,0,4,42
1,8,0,4,20
0,8,0,1,58
1,8,0,1,35
0,8,0,1,60
0,8,0,1,20
0,8,0,2,46
0,8,0,2,52
0,8,0,2,67
0,8,0,2,51
1,8,0,3,41
1,8,0,1,65
1,8,0,4,50
0,8,0,4,59
0,8,0,3,54
1,8,0,5,27
1,8,0,4,46
0,8,0,4,23
0,8,0,1,21
1,8,0,1,20
1,8,0,4,57
0,8,0,5,51
0,8,0,3,23
1,8,0,3,19
0,8,0,1,30
1,8,0,3,54
0,8,0,5,63
1,8,0,3,65
1,8,0,2,21
1,8,0,4,47
0,8,0,4,35
1,8,0,4,33
0,8,0,4,25
0,8,0,5,69
0,8,0,4,69
0,8,0,4,46
0,8,0,2,37
1,8,0,4,29
1,8,0,3,50
1,8,0,1,45
1,8,0,1,36
1,8,0,4,59
0,8,0,3,38
1,8,0,5,64
1,8,0,4,36
1,8,0,3,34
0,8,0,4,31
1,8,0,5,30
0,8,0,4,30
1,8,0,2,60
0,8,0,1,44
1,8,0,1,22
1,8,0,1,61
1,8,0,4,24
1,0,1,2,53
0,0,1,3,26
0,0,1,5,43
0,0,1,5,64
1,0,1,2,62
0,0,1,4,55
0,0,1,1,31
0,0,1,5,52
0,0,1,3,68
1,0,1,1,59
0,0,1,2,51
0,0,1,4,46
0,0,1,3,36
1,0,1,3,42
0,0,1,2,36
0,0,1,3,57
0,0,1,2,43
0,0,1,5,28
1,0,1,4,44
1,0,1,2,19
0,0,1,2,20
0,0,1,4,39
1,0,1,5,43
1,0,1,2,65
0,0,1,1,61
1,0,1,4,63
1,0,1,2,52
0,0,1,3,37
0,0,1,2,61
0,0,1,5,35
0,0,1,1,63
1,0,1,4,66
1,0,1,1,47
1,0,1,2,30
0,0,1,4,29
0,0,1,2,38
0,0,1,5,52
0,0,1,3,32
0,0,1,3,27
0,0,1,3,24
0,0,1,3,45
1,0,1,5,31
0,0,1,4,47
0,0,1,1,31
1,0,1,4,26
0,0,1,3,25
1,0,1,3,60
1,0,1,4,66
0,0,1,4,63
1,0,1,2,65
1,0,1,1,70
1,0,1,5,30
0,0,1,5,31
1,0,1,4,50
0,0,1,2,30
0,0,1,3,26
1,0,1,4,31
1,0,1,5,26
1,0,1,1,40
0,0,1,3,47
0,0,1,4,42
0,0,1,5,45
1,0,1,3,57
0,0,1,4,20
0,0,1,2,37
1,0,1,3,31
0,0,1,2,57
0,0,1,2,24
1,0,1,2,69
1,0,1,3,32
1,1,1,2,42
1,1,1,5,23
1,1,1,1,46
0,1,1,2,56
1,1,1,1,43
1,1,1,2,38
0,1,1,1,64
1,1,1,4,28
0,1,1,2,53
0,1,1,3,44
1,1,1,3,32
1,1,1,1,51
0,1,1,4,33
0,1,1,2,69
1,1,1,1,53
1,1,1,2,44
1,1,1,1,55
1,1,1,2,21
1,1,1,3,25
1,1,1,5,34
1,1,1,3,41
0,1,1,4,66
1,1,1,2,50
1,1,1,3,28
1,1,1,1,39
0,1,1,1,45
1,1,1,5,28
1,1,1,1,54
1,1,1,1,22
1,1,1,2,30
1,1,1,3,23
0,1,1,4,39
1,1,1,3,50
1,1,1,3,35
0,1,1,3,59
0,1,1,5,55
1,1,1,3,22
0,1,1,4,59
0,1,1,3,40
0,1,1,5,67
0,1,1,1,39
1,1,1,4,69
1,1,1,5,41
1,1,1,5,67
1,1,1,3,57
0,1,1,3,55
1,1,1,1,33
1,1,1,2,62
1,1,1,3,69
0,1,1,5,36
1,1,1,5,68
0,1,1,1,59
0,1,1,5,33
0,1,1,1,69
0,1,1,2,45
1,1,1,5,35
0,1,1,3,21
1,1,1,1,53
0,1,1,5,41
1,1,1,4,65
1,1,1,3,45
0,1,1,1,30
1,1,1,5,65
1,1,1,3,39
1,1,1,3,47
0,1,1,1,39
1,1,1,3,56
1,1,1,4,49
0,1,1,1,54
0,1,1,3,22
1,2,1,4,58
1,2,1,2,52
1,2,1,4,65
0,2,1,4,42
0,2,1,3,66
0,2,1,4,43
0,2,1,3,40
0,2,1,1,69
0,2,1,1,36
1,2,1,5,67
0,2,1,2,22
0,2,1,1,45
0,2,1,5,30
1,2,1,4,24
0,2,1,5,30
0,2,1,1,43
0,2,1,4,53
1,2,1,1,34
0,2,1,4,37
0,2,1,1,38
1,2,1,2,51
0,2,1,4,52
0,2,1,4,23
1,2,1,5,46
1,2,1,5,52
1,2,1,2,57
1,2,1,4,60
0,2,1,5,43
1,2,1,1,35
0,2,1,2,35
1,2,1,1,25
0,2,1,1,57
0,2,1,1,67
0,2,1,1,43
1,2,1,4,61
1,2,1,3,20
1,2,1,2,58
0,2,1,2,22
0,2,1,3,66
0,2,1,4,31
0,2,1,4,26
0,2,1,5,61
0,2,1,3,69
1,2,1,4,66
0,2,1,2,24
1,2,1,3,53
0,2,1,3,52
0,2,1,1,68
1,2,1,2,32
1,2,1,2,41
1,2,1,4,40
0,2,1,2,27
0,2,1,4,54
0,2,1,4,35
0,2,1,1,44
1,2,1,5,26
0,2,1,3,64
0,2,1,4,38
0,2,1,1,43
0,2,1,4,25
0,2,1,3,36
0,2,1,5,20
0,2,1,5,62
0,2,1,3,43
0,2,1,5,56
0,2,1,1,49
0,2,1,4,30
0,2,1,2,37
1,2,1,4,44
1,2,1,3,47
1,3,1,2,40
1,3,1,2,61
0,3,1,5,68
1,3,1,4,41
0,3,1,5,52
0,3,1,3,28
1,3,1,3,33
0,3,1,1,60
1,3,1,5,56
1,3,1,4,46
1,3,1,2,57
0,3,1,4,47
0,3,1,3,33
0,3,1,1,36
0,3,1,4,35
1,3,1,1,59
0,3,1,3,51
0,3,1,3,37
1,3,1,1,21
0,3,1,4,57
1,3,1,5,53
0,3,1,1,57
1,3,1,4,45
1,3,1,1,38
0,3,1,2,62
0,3,1,3,39
1,3,1,1,48
1,3,1,2,39
0,3,1,2,59
0,3,1,3,65
1,3,1,3,55
0,3,1,1,43
0,3,1,5,31
0,3,1,5,67
0,3,1,5,51
0,3,1,5,50
0,3,1,3,46
0,3,1,4,51
0,3,1,3,23
1,3,1,2,66
1,3,1,4,21
1,3,1,2,66
0,3,1,3,48
1,3,1,4,37
1,3,1,4,38
0,3,1,2,27
1,3,1,2,44
0,3,1,2,66
0,3,1,1,54
1,3,1,2,23
1,3,1,2,26
1,3,1,1,56
1,3,1,5,29
0,3,1,2,50
1,3,1,2,27
1,3,1,4,58
0,3,1,5,47
0,3,1,5,32
1,3,1,4,57
1,3,1,4,54
0,3,1,5,33
1,3,1,2,29
1,3,1,4,63
1,3,1,1,46
1,3,1,5,64
1,3,1,5,25
0,3,1,2,54
1,3,1,4,38
0,3,1,2,39
1,3,1,5,34
0,4,1,2,42
0,4,1,3,25
1,4,1,1,23
1,4,1,5,66
0,4,1,5,69
0,4,1,4,32
1,4,1,4,40
0,4,1,4,49
1,4,1,1,50
1,4,1,5,51
1,4,1,3,47
1,4,1,2,42
0,4,1,2,45
1,4,1,4,48
0,4,1,2,27
1,4,1,1,21
1,4,1,2,38
1,4,1,2,60
1,4,1,3,40
1,4,1,2,42
0,4,1,2,24
1,4,1,5,64
1,4,1,3,65
1,4,1,2,54
0,4,1,2,37
0,4,1,4,47
0,4,1,5,20
0,4,1,3,42
1,4,1,1,65
1,4,1,4,25
0,4,1,1,42
0,4,1,3,25
0,4,1,2,44
0,4,1,3,48
1,4,1,5,44
0,4,1,3,56
0,4,1,3,45
0,4,1,3,44
0,4,1,4,58
1,4,1,4,51
1,4,1,5,20
1,4,1,2,41
1,4,1,1,39
1,4,1,4,28
1,4,1,5,43
1,4,1,3,68
1,4,1,4,32
1,4,1,1,25
1,4,1,4,57
1,4,1,5,33
1,4,1,5,21
1,4,1,4,56
0,4,1,1,32
0,4,1,5,25
1,4,1,3,51
1,4,1,4,53
0,4,1,3,61
0,4,1,2,52
1,4,1,5,34
1,4,1,4,46
1,4,1,3,35
0,4,1,1,59
1,4,1,2,43
0,4,1,3,54
0,4,1,1,45
1,4,1,3,69
1,4,1,4,24
1,4,1,4,27
1,4,1,4,56
0,4,1,5,48
1,5,1,4,69
0,5,1,3,37
1,5,1,5,59
0,5,1,1,28
1,5,1,4,46
1,5,1,3,63
1,5,1,2,27
0,5,1,3,49
1,5,1,3,62
1,5,1,2,29
1,5,1,1,41
0,5,1,4,30
1,5,1,4,26
0,5,1,4,54
0,5,1,1,26
1,5,1,3,67
0,5,1,5,29
0,5,1,3,65
0,5,1,3,47
1,5,1,2,26
0,5,1,5,59
0,5,1,2,29
0,5,1,2,56
0,5,1,4,55
0,5,1,2,55
1,5,1,5,58
0,5,1,4,42
0,5,1,3,63
1,5,1,1,20
1,5,1,2,58
0,5,1,1,62
0,5,1,3,37
0,5,1,3,38
1,5,1,2,56
1,5,1,3,47
0,5,1,4,52
1,5,1,2,63
0,5,1,2,48
1,5,1,3,65
1,5,1,2,54
0,5,1,5,26
0,5,1,5,52
1,5,1,4,33
1,5,1,4,66
0,5,1,5,58
1,5,1,1,37
0,5,1,1,44
0,5,1,2,42
0,5,1,1,37
1,5,1,5,26
1,5,1,1,60
1,5,1,2,58
1,5,1,1,36
0,5,1,3,22
0,5,1,3,19
1,5,1,1,30
0,5,1,5,55
0,5,1,2,58
0,5,1,4,23
1,5,1,2,58
0,5,1,3,45
1,5,1,5,29
1,5,1,3,50
0,5,1,2,47
1,5,1,4,27
1,5,1,2,43
1,5,1,2,51
0,5,1,1,66
1,5,1,5,40
1,5,1,5,64
0,6,1,5,25
0,6,1,5,41
1,6,1,1,37
1,6,1,4,44
0,6,1,5,37
0,6,1,5,64
0,6,1,3,22
1,6,1,4,62
0,6,1,5,22
0,6,1,3,68
0,6,1,5,66
1,6,1,1,25
0,6,1,3,64
1,6,1,3,34
1,6,1,2,67
0,6,1,1,56
1,6,1,5,65
1,6,1,2,51
1,6,1,2,54
1,6,1,4,21
1,6,1,5,61
1,6,1,2,53
0,6,1,3,41
1,6,1,3,49
0,6,1,3,46
1,6,1,3,31
0,6,1,2,51
1,6,1,4,24
0,6,1,1,60
0,6,1,2,28
0,6,1,2,26
0,6,1,2,56
1,6,1,5,24
1,6,1,3,24
0,6,1,5,64
0,6,1,3,57
1,6,1,5,37
1,6,1,2,39
0,6,1,3,35
0,6,1,2,30
0,6,1,5,41
1,6,1,1,35
1,6,1,1,41
0,6,1,5,35
0,6,1,2,55
1,6,1,5,47
0,6,1,3,60
0,6,1,2,38
0,6,1,1,47
1,6,1,4,19
1,6,1,1,46
0,6,1,4,63
1,6,1,1,32
1,6,1,1,38
0,6,1,4,24
0,6,1,4,48
0,6,1,4,55
0,6,1,4,24
0,6,1,3,48
1,6,1,4,40
1,6,1,4,30
1,6,1,5,44
0,6,1,2,24
0,6,1,2,48
0,6,1,4,20
0,6,1,1,40
1,6,1,4,29
0,6,1,3,25
0,6,1,4,30
0,6,1,3,45
0,7,1,4,56
1,7,1,5,40
0,7,1,3,27
0,7,1,4,24
1,7,1,1,37
0,7,1,2,30
0,7,1,3,55
0,7,1,2,42
0,7,1,4,48
1,7,1,2,28
1,7,1,4,56
1,7,1,1,38
1,7,1,2,46
1,7,1,3,50
1,7,1,5,67
0,7,1,1,58
1,7,1,3,66
1,7,1,2,46
0,7,1,3,24
1,7,1,5,53
1,7,1,1,30
1,7,1,5,67
1,7,1,4,30
1,7,1,4,67
1,7,1,5,57
0,7,1,3,67
0,7,1,3,20
1,7,1,4,29
0,7,1,4,64
1,7,1,2,39
0,7,1,4,63
1,7,1,4,61
1,7,1,4,41
1,7,1,4,24
1,7,1,5,52
0,7,1,1,46
0,7,1,1,44
1,7,1,1,32
1,7,1,3,60
1,7,1,3,66
1,7,1,1,53
0,7,1,3,32
1,7,1,1,54
1,7,1,1,19
1,7,1,1,62
1,7,1,1,56
1,7,1,1,52
1,7,1,2,65
0,7,1,3,63
1,7,1,3,24
1,7,1,3,64
1,7,1,2,24
1,7,1,4,32
1,7,1,1,60
1,7,1,4,66
1,7,1,2,22
1,7,1,1,31
1,7,1,5,42
0,7,1,1,39
0,7,1,4,43
1,7,1,1,39
1,7,1,4,24
0,7,1,2,61
0,7,1,4,61
0,7,1,1,67
1,7,1,5,64
0,7,1,3,61
1,7,1,2,21
1,7,1,1,46
1,7,1,5,28
1,8,1,1,40
0,8,1,5,27
1,8,1,5,34
1,8,1,2,22
1,8,1,2,61
0,8,1,3,26
1,8,1,5,56
1,8,1,3,68
1,8,1,5,41
0,8,1,2,68
0,8,1,5,56
0,8,1,5,58
0,8,1,5,24
1,8,1,2,29
0,8,1,5,50
0,8,1,4,36
1,8,1,1,27
1,8,1,5,66
1,8,1,5,28
1,8,1,4,40
1,8,1,4,20
0,8,1,5,26
0,8,1,2,56
0,8,1,5,57
1,8,1,3,52
1,8,1,1,23
1,8,1,5,34
0,8,1,2,36
1,8,1,4,52
1,8,1,4,61
1,8,1,5,26
1,8,1,2,39
0,8,1,4,30
1,8,1,1,69
0,8,1,4,37
0,8,1,5,35
1,8,1,4,55
0,8,1,1,28
1,8,1,2,37
0,8,1,5,48
1,8,1,1,42
1,8,1,2,68
0,8,1,5,60
1,8,1,2,60
0,8,1,5,38
0,8,1,3,47
0,8,1,1,34
1,8,1,3,42
1,8,1,5,20
0,8,1,3,55
0,8,1,1,65
1,8,1,4,24
1,8,1,1,20
0,8,1,4,29
0,8,1,2,53
1,8,1,1,28
1,8,1,4,55
1,8,1,2,48
0,8,1,1,43
0,8,1,2,51
0,8,1,5,23
1,8,1,1,66
1,8,1,1,59
0,8,1,3,54
1,8,1,5,28
0,8,1,2,20
0,8,1,1,38
1,8,1,4,38
0,8,1,3,59
0,8,1,3,23
1,0,2,3,55
0,0,2,2,25
0,0,2,4,51
1,0,2,1,40
1,0,2,5,46
1,0,2,5,67
0,0,2,4,50
1,0,2,2,39
0,0,2,5,41
0,0,2,4,47
0,0,2,1,55
0,0,2,5,30
1,0,2,1,23
0,0,2,3,47
0,0,2,4,63
0,0,2,5,29
1,0,2,2,59
1,0,2,3,35
1,0,2,5,60
1,0,2,4,37
1,0,2,4,67
1,0,2,4,69
1,0,2,2,48
0,0,2,4,44
0,0,2,1,68
0,0,2,2,23
1,0,2,4,49
0,0,2,4,63
0,0,2,5,40
0,0,2,1,49
0,0,2,3,26
1,0,2,4,32
0,0,2,3,22
1,0,2,4,32
0,0,2,5,61
1,0,2,5,47
1,0,2,2,34
0,0,2,1,44
0,0,2,5,27
1,0,2,5,42
1,0,2,5,51
0,0,2,4,40
0,0,2,4,65
0,0,2,2,22
1,0,2,3,33
0,0,2,2,57
0,0,2,3,33
0,0,2,4,30
0,0,2,5,48
1,0,2,3,34
1,0,2,1,21
0,0,2,1,24
0,0,2,4,67
1,0,2,5,43
0,0,2,4,33
0,0,2,5,24
1,0,2,3,50
0,0,2,5,27
0,0,2,1,26
1,0,2,2,22
1,0,2,5,45
0,0,2,5,35
0,0,2,5,22
1,0,2,3,56
1,0,2,2,46
1,0,2,2,40
1,0,2,4,68
1,0,2,2,26
1,0,2,2,67
1,0,2,3,23
1,1,2,5,29
1,1,2,4,52
1,1,2,3,20
0,1,2,2,55
1,1,2,3,65
1,1,2,5,31
1,1,2,4,59
1,1,2,1,35
0,1,2,3,57
0,1,2,5,39
0,1,2,4,66
0,1,2,2,56
0,1,2,2,19
1,1,2,4,29
0,1,2,1,28
1,1,2,5,37
1,1,2,5,66
1,1,2,3,19
1,1,2,2,26
0,1,2,3,32
0,1,2,3,66
0,1,2,5,60
0,1,2,4,35
0,1,2,4,29
1,1,2,2,64
1,1,2,2,24
1,1,2,5,55
1,1,2,2,64
1,1,2,3,62
0,1,2,3,66
0,1,2,2,20
0,1,2,3,39
0,1,2,2,45
1,1,2,5,30
0,1,2,4,49
0,1,2,2,44
1,1,2,3,37
0,1,2,1,35
0,1,2,5,51
0,1,2,3,40
1,1,2,1,32
1,1,2,1,34
1,1,2,3,56
0,1,2,4,50
1,1,2,3,41
1,1,2,5,56
1,1,2,4,38
1,1,2,5,23
1,1,2,1,30
1,1,2,4,61
0,1,2,4,69
0,1,2,3,42
1,1,2,4,62
1,1,2,5,69
0,1,2,1,68
0,1,2,5,64
1,1,2,4,30
1,1,2,3,22
1,1,2,5,34
1,1,2,1,55
1,1,2,3,45
1,1,2,4,35
0,1,2,5,37
1,1,2,3,30
1,1,2,4,33
1,1,2,4,22
0,1,2,2,39
0,1,2,5,29
0,1,2,2,60
0,1,2,2,69
0,2,2,3,44
0,2,2,2,43
1,2,2,3,31
0,2,2,5,27
1,2,2,1,48
1,2,2,5,24
0,2,2,1,51
0,2,2,3,36
0,2,2,2,24
1,2,2,1,51
1,2,2,5,51
1,2,2,4,69
0,2,2,5,52
1,2,2,3,61
0,2,2,1,36
0,2,2,5,62
0,2,2,3,30
1,2,2,5,65
0,2,2,5,32
1,2,2,1,25
1,2,2,1,30
1,2,2,2,67
0,2,2,2,63
0,2,2,5,21
0,2,2,1,42
1,2,2,5,36
0,2,2,2,45
0,2,2,5,57
1,2,2,1,48
0,2,2,2,68
0,2,2,5,40
1,2,2,1,55
0,2,2,1,43
1,2,2,3,68
0,2,2,1,26
1,2,2,2,34
0,2,2,2,21
1,2,2,4,42
0,2,2,4,38
1,2,2,2,57
0,2,2,5,52
1,2,2,5,69
0,2,2,3,62
1,2,2,3,67
0,2,2,3,23
0,2,2,1,30
1,2,2,1,52
1,2,2,2,45
1,2,2,3,39
0,2,2,2,37
1,2,2,4,32
0,2,2,2,42
1,2,2,2,23
1,2,2,1,27
0,2,2,5,69
0,2,2,3,47
0,2,2,1,48
0,2,2,3,54
0,2,2,2,57
0,2,2,3,40
0,2,2,1,54
0,2,2,3,63
0,2,2,2,52
1,2,2,4,38
1,2,2,2,47
0,2,2,2,35
0,2,2,5,69
0,2,2,2,23
1,2,2,3,21
0,2,2,2,41
1,3,2,1,43
1,3,2,4,43
0,3,2,3,48
0,3,2,5,61
1,3,2,5,52
0,3,2,4,53
0,3,2,4,51
0,3,2,1,42
1,3,2,2,32
1,3,2,3,23
0,3,2,5,60
0,3,2,2,67
0,3,2,5,25
1,3,2,5,63
0,3,2,3,34
1,3,2,2,51
1,3,2,5,65
1,3,2,2,49
0,3,2,5,60
0,3,2,4,20
1,3,2,1,48
0,3,2,3,28
0,3,2,5,66
1,3,2,4,55
0,3,2,1,48
0,3,2,1,49
1,3,2,2,26
0,3,2,5,36
1,3,2,2,29
1,3,2,1,60
0,3,2,2,21
0,3,2,4,28
1,3,2,2,48
0,3,2,2,28
0,3,2,3,39
0,3,2,3,21
0,3,2,2,44
1,3,2,1,30
1,3,2,2,39
0,3,2,2,48
1,3,2,3,28
1,3,2,4,26
1,3,2,4,50
0,3,2,3,41
0,3,2,4,65
1,3,2,3,65
1,3,2,3,42
1,3,2,4,63
1,3,2,2,33
0,3,2,4,63
0,3,2,2,34
0,3,2,3,64
1,3,2,3,22
1,3,2,2,54
1,3,2,3,59
0,3,2,4,69
1,3,2,1,51
1,3,2,2,33
0,3,2,4,61
1,3,2,4,32
0,3,2,3,36
0,3,2,5,44
1,3,2,2,21
1,3,2,2,63
1,3,2,3,41
0,3,2,3,47
0,3,2,1,53
1,3,2,5,51
0,3,2,2,20
0,3,2,4,22
0,4,2,2,41
0,4,2,1,33
1,4,2,3,51
1,4,2,3,55
0,4,2,5,59
0,4,2,3,56
1,4,2,4,51
0,4,2,4,22
1,4,2,3,32
0,4,2,2,49
1,4,2,4,67
0,4,2,2,58
1,4,2,4,64
0,4,2,3,59
0,4,2,1,66
1,4,2,3,63
0,4,2,3,62
1,4,2,4,57
0,4,2,1,65
0,4,2,5,34
0,4,2,3,24
0,4,2,4,45
1,4,2,2,23
1,4,2,3,44
1,4,2,5,27
0,4,2,3,21
1,4,2,1,40
0,4,2,1,55
1,4,2,4,30
0,4,2,4,59
0,4,2,2,40
0,4,2,2,70
1,4,2,4,21
1,4,2,2,27
1,4,2,2,67
1,4,2,4,58
1,4,2,3,40
0,4,2,5,50
1,4,2,3,25
1,4,2,2,42
1,4,2,2,42
1,4,2,5,31
1,4,2,3,44
0,4,2,4,26
0,4,2,1,35
1,4,2,2,58
1,4,2,4,64
0,4,2,2,32
1,4,2,2,35
1,4,2,1,57
0,4,2,3,24
0,4,2,4,50
0,4,2,4,34
1,4,2,4,38
1,4,2,4,47
0,4,2,3,36
1,4,2,5,38
0,4,2,2,24
0,4,2,1,60
1,4,2,3,26
1,4,2,5,64
0,4,2,5,50
0,4,2,1,39
1,4,2,2,37
0,4,2,5,20
0,4,2,3,62
1,4,2,2,63
0,4,2,5,66
1,4,2,2,59
0,4,2,2,49
0,5,2,5,25
1,5,2,2,63
0,5,2,3,63
0,5,2,5,66
0,5,2,3,67
1,5,2,4,53
0,5,2,3,63
1,5,2,5,32
1,5,2,3,48
1,5,2,5,26
1,5,2,4,49
0,5,2,1,57
1,5,2,4,38
1,5,2,4,44
0,5,2,5,31
0,5,2,1,44
1,5,2,1,53
1,5,2,2,22
1,5,2,5,27
0,5,2,1,51
0,5,2,2,63
0,5,2,4,24
0,5,2,3,54
0,5,2,5,26
0,5,2,5,25
1,5,2,1,65
0,5,2,2,31
1,5,2,3,58
0,5,2,5,63
0,5,2,2,52
0,5,2,4,35
1,5,2,5,39
1,5,2,2,62
1,5,2,4,34
1,5,2,2,56
0,5,2,5,31
1,5,2,5,34
0,5,2,1,45
0,5,2,4,64
1,5,2,2,23
1,5,2,3,25
1,5,2,1,58
1,5,2,5,48
0,5,2,3,42
0,5,2,1,50
1,5,2,3,54
0,5,2,1,56
0,5,2,1,38
0,5,2,1,60
1,5,2,1,62
0,5,2,1,57
1,5,2,1,31
1,5,2,2,42
0,5,2,4,54
0,5,2,4,39
1,5,2,5,69
0,5,2,4,61
1,5,2,4,31
1,5,2,3,31
0,5,2,2,51
0,5,2,1,21
0,5,2,2,34
1,5,2,2,43
1,5,2,2,63
0,5,2,4,55
0,5,2,4,68
1,5,2,2,62
0,5,2,3,65
0,5,2,2,36
1,5,2,4,38
0,6,2,3,61
1,6,2,2,68
1,6,2,1,39
1,6,2,5,26
1,6,2,2,61
1,6,2,5,63
1,6,2,3,61
0,6,2,2,20
1,6,2,5,29
1,6,2,2,52
0,6,2,5,26
1,6,2,3,32
0,6,2,1,41
0,6,2,5,50
0,6,2,4,50
0,6,2,1,69
1,6,2,1,58
0,6,2,3,36
0,6,2,4,50
0,6,2,5,25
0,6,2,3,68
1,6,2,5,25
1,6,2,5,57
0,6,2,5,42
0,6,2,3,52
1,6,2,5,28
0,6,2,1,55
1,6,2,2,67
1,6,2,5,35
0,6,2,5,62
1,6,2,3,27
0,6,2,4,44
0,6,2,2,42
1,6,2,2,51
1,6,2,5,28
0,6,2,1,55
0,6,2,1,37
0,6,2,3,67
0,6,2,3,50
0,6,2,4,67
0,6,2,2,52
0,6,2,4,19
0,6,2,4,37
0,6,2,2,59
1,6,2,4,22
1,6,2,4,32
1,6,2,1,42
1,6,2,3,60
0,6,2,1,22
0,6,2,5,21
0,6,2,3,62
0,6,2,1,25
1,6,2,3,55
0,6,2,1,39
1,6,2,3,67
0,6,2,4,63
0,6,2,4,49
1,6,2,4,64
0,6,2,2,43
0,6,2,4,56
0,6,2,5,56
1,6,2,3,66
0,6,2,5,68
0,6,2,3,62
1,6,2,3,67
1,6,2,5,68
1,6,2,2,61
0,6,2,5,54
1,6,2,1,58
0,6,2,2,62
1,7,2,1,28
0,7,2,2,36
0,7,2,5,36
1,7,2,1,32
0,7,2,5,36
0,7,2,2,37
1,7,2,1,55
1,7,2,3,66
0,7,2,4,55
0,7,2,4,33
1,7,2,5,31
1,7,2,4,65
1,7,2,4,61
1,7,2,1,66
0,7,2,2,20
0,7,2,4,68
1,7,2,1,33
0,7,2,2,66
0,7,2,4,54
0,7,2,1,19
1,7,2,2,40
1,7,2,5,65
1,7,2,4,55
1,7,2,2,56
0,7,2,2,28
1,7,2,4,25
1,7,2,4,30
1,7,2,1,36
0,7,2,4,68
1,7,2,1,53
1,7,2,2,37
0,7,2,2,56
1,7,2,5,29
0,7,2,5,22
1,7,2,1,24
1,7,2,3,30
1,7,2,3,59
0,7,2,5,43
1,7,2,4,39
1,7,2,5,51
0,7,2,1,21
0,7,2,3,46
0,7,2,2,26
1,7,2,5,24
0,7,2,4,30
0,7,2,3,23
0,7,2,5,44
0,7,2,3,31
1,7,2,1,42
1,7,2,5,60
1,7,2,5,47
1,7,2,3,26
1,7,2,1,47
1,7,2,4,21
1,7,2,2,22
1,7,2,3,26
0,7,2,3,50
1,7,2,1,63
0,7,2,4,53
1,7,2,3,57
1,7,2,5,61
1,7,2,5,67
0,7,2,1,27
1,7,2,5,67
0,7,2,4,51
1,7,2,2,49
1,7,2,5,19
0,7,2,2,29
0,7,2,2,60
1,7,2,3,48
0,8,2,1,31
1,8,2,3,35
1,8,2,1,50
1,8,2,5,66
1,8,2,3,67
1,8,2,2,67
1,8,2,2,48
1,8,2,4,26
1,8,2,5,21
1,8,2,4,32
1,8,2,3,69
1,8,2,3,36
0,8,2,1,34
0,8,2,1,67
1,8,2,1,58
0,8,2,1,34
0,8,2,3,51
1,8,2,4,24
1,8,2,1,69
1,8,2,4,56
1,8,2,2,34
0,8,2,4,69
0,8,2,1,38
1,8,2,4,25
1,8,2,1,63
1,8,2,4,68
1,8,2,2,65
1,8,2,3,60
1,8,2,3,22
1,8,2,2,61
1,8,2,1,65
1,8,2,4,69
1,8,2,4,35
1,8,2,3,68
0,8,2,5,56
0,8,2,1,34
1,8,2,3,46
0,8,2,5,53
0,8,2,4,56
0,8,2,3,37
1,8,2,1,44
0,8,2,4,23
0,8,2,1,34
1,8,2,2,60
1,8,2,4,36
1,8,2,4,37
0,8,2,1,68
1,8,2,2,43
0,8,2,5,24
0,8,2,5,37
1,8,2,5,64
0,8,2,5,44
1,8,2,2,30
0,8,2,2,63
1,8,2,1,27
0,8,2,3,25
1,8,2,1,28
0,8,2,5,46
1,8,2,5,52
1,8,2,3,47
0,8,2,1,33
0,8,2,2,49
1,8,2,3,42
0,8,2,5,32
1,8,2,5,24
1,8,2,4,33
1,8,2,3,49
1,8,2,3,20
0,8,2,4,27
1,8,2,5,45
1,0,3,4,34
0,0,3,2,22
0,0,3,4,51
0,0,3,2,64
0,0,3,5,53
0,0,3,5,21
1,0,3,2,60
1,0,3,1,25
0,0,3,3,60
0,0,3,4,46
1,0,3,2,43
1,0,3,5,55
1,0,3,2,32
0,0,3,2,31
0,0,3,2,29
0,0,3,2,42
0,0,3,4,54
0,0,3,4,48
1,0,3,5,38
1,0,3,4,63
1,0,3,1,63
0,0,3,2,68
0,0,3,5,63
0,0,3,4,26
1,0,3,5,69
1,0,3,4,54
1,0,3,5,52
0,0,3,1,19
0,0,3,2,21
1,0,3,3,32
1,0,3,4,47
1,0,3,1,47
1,0,3,3,45
1,0,3,1,46
0,0,3,5,69
0,0,3,1,53
0,0,3,3,57
1,0,3,3,45
1,0,3,2,35
0,0,3,4,66
0,0,3,2,28
1,0,3,5,65
1,0,3,1,57
1,0,3,5,33
1,0,3,1,53
1,0,3,2,59
1,0,3,1,34
1,0,3,4,57
0,0,3,4,59
1,0,3,1,44
0,0,3,3,64
1,0,3,3,58
1,0,3,1,56
0,0,3,5,61
1,0,3,5,54
1,0,3,4,51
0,0,3,1,37
1,0,3,3,59
1,0,3,4,56
0,0,3,4,42
1,0,3,5,54
0,0,3,1,23
1,0,3,3,69
1,0,3,3,52
0,0,3,1,46
1,0,3,2,63
1,0,3,2,51
0,0,3,4,44
0,0,3,5,37
0,0,3,2,58
0,1,3,5,41
0,1,3,3,26
1,1,3,4,23
0,1,3,4,51
1,1,3,4,59
1,1,3,2,60
1,1,3,3,41
1,1,3,4,38
1,1,3,4,34
1,1,3,2,43
0,1,3,1,61
1,1,3,1,24
0,1,3,1,48
0,1,3,2,52
1,1,3,2,38
1,1,3,2,33
1,1,3,4,41
1,1,3,4,63
1,1,3,5,47
1,1,3,1,42
1,1,3,4,55
0,1,3,1,39
1,1,3,3,19
0,1,3,2,31
0,1,3,3,46
0,1,3,3,60
0,1,3,5,40
0,1,3,1,70
0,1,3,2,67
1,1,3,3,55
1,1,3,2,54
1,1,3,4,47
1,1,3,4,68
1,1,3,5,43
1,1,3,1,36
0,1,3,5,59
1,1,3,4,58
1,1,3,5,43
1,1,3,4,63
1,1,3,1,30
0,1,3,2,66
1,1,3,5,44
0,1,3,2,59
0,1,3,5,21
1,1,3,5,48
1,1,3,1,62
1,1,3,2,50
1,1,3,5,21
0,1,3,4,43
0,1,3,4,42
1,1,3,4,54
0,1,3,2,32
0,1,3,1,67
1,1,3,2,51
1,1,3,2,50
0,1,3,5,25
0,1,3,3,27
0,1,3,4,35
0,1,3,1,30
1,1,3,3,69
1,1,3,1,34
1,1,3,5,49
0,1,3,4,57
0,1,3,5,32
1,1,3,2,39
1,1,3,3,61
1,1,3,2,52
0,1,3,5,42
1,1,3,1,22
1,1,3,2,66
0,2,3,4,54
0,2,3,2,25
1,2,3,3,37
0,2,3,3,22
1,2,3,5,34
1,2,3,4,23
0,2,3,3,46
1,2,3,3,37
0,2,3,1,21
0,2,3,3,43
0,2,3,1,39
1,2,3,2,35
1,2,3,5,26
1,2,3,3,31
0,2,3,4,47
0,2,3,5,35
0,2,3,1,22
0,2,3,1,64
1,2,3,5,32
0,2,3,5,66
0,2,3,4,66
0,2,3,3,30
0,2,3,2,70
1,2,3,4,34
0,2,3,1,36
0,2,3,4,43
0,2,3,1,65
0,2,3,1,40
0,2,3,3,37
0,2,3,1,38
1,2,3,4,46
1,2,3,1,56
0,2,3,4,52
0,2,3,2,58
1,2,3,1,20
0,2,3,5,21
1,2,3,3,59
1,2,3,3,52
0,2,3,3,47
1,2,3,5,35
0,2,3,3,47
0,2,3,2,52
1,2,3,5,65
1,2,3,1,30
0,2,3,1,60
1,2,3,4,62
0,2,3,4,22
0,2,3,2,25
0,2,3,2,55
0,2,3,3,23
0,2,3,1,33
0,2,3,4,66
1,2,3,3,49
0,2,3,5,32
1,2,3,5,55
1,2,3,5,51
1,2,3,2,39
0,2,3,1,60
0,2,3,1,21
0,2,3,2,40
1,2,3,3,52
0,2,3,5,68
1,2,3,4,31
0,2,3,2,33
0,2,3,5,67
0,2,3,5,26
0,2,3,3,48
1,2,3,4,35
0,2,3,1,25
0,2,3,2,39
0,3,3,3,20
0,3,3,1,29
0,3,3,4,27
0,3,3,5,47
1,3,3,4,50
0,3,3,2,30
1,3,3,3,67
0,3,3,4,50
1,3,3,1,51
1,3,3,5,36
1,3,3,3,35
1,3,3,4,40
0,3,3,1,65
0,3,3,4,47
0,3,3,3,67
0,3,3,3,44
0,3,3,3,35
1,3,3,5,38
0,3,3,5,22
1,3,3,4,39
1,3,3,5,38
0,3,3,5,45
0,3,3,2,44
1,3,3,1,36
0,3,3,2,41
1,3,3,1,68
1,3,3,5,28
1,3,3,2,37
0,3,3,5,55
1,3,3,2,50
1,3,3,1,30
0,3,3,3,23
0,3,3,5,28
0,3,3,5,48
0,3,3,3,22
1,3,3,1,45
0,3,3,3,48
0,3,3,3,32
1,3,3,1,52
0,3,3,2,27
0,3,3,1,62
1,3,3,4,64
1,3,3,4,44
1,3,3,2,23
1,3,3,3,34
1,3,3,4,28
1,3,3,2,43
0,3,3,5,33
1,3,3,4,30
1,3,3,1,20
0,3,3,4,63
1,3,3,2,47
0,3,3,1,22
0,3,3,4,33
0,3,3,4,55
0,3,3,1,38
1,3,3,3,52
1,3,3,3,44
0,3,3,3,22
1,3,3,2,22
1,3,3,4,65
0,3,3,2,37
1,3,3,5,22
0,3,3,4,64
1,3,3,3,68
1,3,3,3,60
1,3,3,1,33
1,3,3,1,58
1,3,3,4,23
0,3,3,4,55
0,4,3,3,47
0,4,3,1,51
0,4,3,3,43
0,4,3,2,26
1,4,3,2,47
0,4,3,5,66
0,4,3,1,47
0,4,3,4,23
1,4,3,5,26
1,4,3,5,68
0,4,3,1,64
1,4,3,2,39
0,4,3,2,31
0,4,3,1,33
1,4,3,2,63
0,4,3,2,21
0,4,3,4,26
1,4,3,4,56
0,4,3,4,27
0,4,3,4,60
1,4,3,2,55
1,4,3,3,41
1,4,3,1,57
0,4,3,1,28
0,4,3,4,25
0,4,3,4,41
1,4,3,2,30
0,4,3,4,63
1,4,3,5,45
0,4,3,1,56
0,4,3,2,29
1,4,3,3,65
1,4,3,5,43
1,4,3,2,65
1,4,3,2,52
0,4,3,1,67
1,4,3,4,41
1,4,3,1,56
0,4,3,5,56
1,4,3,5,55
1,4,3,5,28
1,4,3,2,28
1,4,3,4,44
1,4,3,5,37
0,4,3,3,53
1,4,3,1,21
0,4,3,5,60
0,4,3,4,24
0,4,3,2,54
0,4,3,2,62
0,4,3,5,62
0,4,3,1,24
0,4,3,3,69
1,4,3,2,54
1,4,3,4,57
1,4,3,5,28
0,4,3,3,25
1,4,3,4,31
1,4,3,4,49
1,4,3,2,38
0,4,3,3,66
0,4,3,3,20
1,4,3,2,63
0,4,3,1,41
1,4,3,2,27
1,4,3,1,69
0,4,3,4,67
1,4,3,2,26
0,4,3,2,68
1,4,3,5,45
1,5,3,5,25
0,5,3,5,33
1,5,3,2,68
0,5,3,2,37
0,5,3,1,42
0,5,3,2,63
1,5,3,3,51
1,5,3,4,22
0,5,3,1,32
1,5,3,3,31
1,5,3,1,27
1,5,3,3,65
1,5,3,3,32
0,5,3,5,51
1,5,3,4,50
1,5,3,3,34
1,5,3,1,33
1,5,3,4,63
1,5,3,3,63
1,5,3,1,37
0,5,3,5,58
0,5,3,4,25
1,5,3,2,64
0,5,3,2,49
1,5,3,4,52
1,5,3,5,70
1,5,3,2,26
0,5,3,5,53
1,5,3,4,65
0,5,3,2,65
0,5,3,4,34
1,5,3,5,64
0,5,3,2,69
1,5,3,2,21
1,5,3,2,25
0,5,3,1,19
1,5,3,4,27
1,5,3,4,53
1,5,3,4,44
0,5,3,2,45
1,5,3,5,42
0,5,3,4,30
1,5,3,4,46
1,5,3,3,35
0,5,3,5,33
0,5,3,2,35
0,5,3,3,54
1,5,3,5,20
1,5,3,5,25
0,5,3,4,63
1,5,3,2,26
0,5,3,3,39
0,5,3,1,29
0,5,3,5,59
0,5,3,4,64
1,5,3,3,56
0,5,3,5,64
0,5,3,3,48
1,5,3,5,57
1,5,3,4,69
1,5,3,4,26
1,5,3,4,51
1,5,3,2,52
1,5,3,2,25
1,5,3,4,26
0,5,3,5,34
0,5,3,4,70
1,5,3,1,32
0,5,3,5,24
0,5,3,3,68
1,6,3,2,31
1,6,3,1,54
1,6,3,1,32
1,6,3,5,62
1,6,3,4,36
0,6,3,3,53
0,6,3,1,65
1,6,3,5,27
0,6,3,3,22
0,6,3,4,63
0,6,3,4,60
0,6,3,3,32
1,6,3,3,29
1,6,3,2,34
1,6,3,5,63
1,6,3,4,60
0,6,3,2,59
1,6,3,2,37
0,6,3,4,29
1,6,3,4,31
0,6,3,5,57
0,6,3,1,49
1,6,3,1,49
0,6,3,5,59
0,6,3,4,26
0,6,3,3,62
0,6,3,2,53
0,6,3,4,24
1,6,3,1,29
0,6,3,3,40
0,6,3,5,61
0,6,3,2,66
0,6,3,1,29
0,6,3,1,21
0,6,3,2,49
0,6,3,3,37
1,6,3,5,37
1,6,3,1,60
0,6,3,3,64
1,6,3,2,35
0,6,3,5,31
1,6,3,1,52
0,6,3,4,37
0,6,3,1,25
0,6,3,4,32
0,6,3,5,22
0,6,3,2,59
0,6,3,1,68
0,6,3,2,60
1,6,3,3,23
0,6,3,2,59
1,6,3,3,48
1,6,3,1,27
1,6,3,2,48
0,6,3,2,48
0,6,3,4,25
1,6,3,3,69
1,6,3,1,31
0,6,3,4,62
0,6,3,2,19
1,6,3,5,45
0,6,3,5,61
0,6,3,1,62
0,6,3,4,64
0,6,3,5,31
1,6,3,3,29
1,6,3,5,45
1,6,3,2,56
0,6,3,5,66
1,6,3,1,42
0,7,3,3,63
1,7,3,1,54
1,7,3,1,29
0,7,3,3,22
0,7,3,1,68
1,7,3,1,43
0,7,3,5,49
1,7,3,1,43
1,7,3,1,39
0,7,3,4,48
1,7,3,4,62
0,7,3,3,34
1,7,3,4,32
1,7,3,5,35
0,7,3,5,68
1,7,3,3,58
1,7,3,1,45
0,7,3,4,34
1,7,3,2,56
0,7,3,1,36
0,7,3,1,43
0,7,3,5,47
1,7,3,1,44
0,7,3,3,46
0,7,3,1,24
0,7,3,5,58
1,7,3,5,68
1,7,3,2,49
1,7,3,3,24
0,7,3,3,36
1,7,3,5,42
1,7,3,4,28
0,7,3,3,54
0,7,3,5,36
0,7,3,4,47
1,7,3,5,39
0,7,3,4,45
0,7,3,4,68
0,7,3,5,48
1,7,3,1,40
0,7,3,4,21
1,7,3,1,21
1,7,3,5,34
0,7,3,3,39
0,7,3,4,55
1,7,3,1,33
0,7,3,2,22
1,7,3,1,27
1,7,3,5,44
0,7,3,4,64
1,7,3,4,42
1,7,3,4,63
1,7,3,5,41
0,7,3,5,55
1,7,3,5,53
1,7,3,2,54
0,7,3,5,26
1,7,3,2,27
0,7,3,1,63
0,7,3,3,52
1,7,3,1,30
1,7,3,5,41
0,7,3,5,35
0,7,3,5,54
0,7,3,5,48
0,7,3,3,66
0,7,3,3,65
1,7,3,4,40
0,7,3,4,25
0,7,3,4,48
1,8,3,3,60
0,8,3,4,23
0,8,3,5,22
0,8,3,3,27
0,8,3,5,51
0,8,3,5,26
0,8,3,4,31
1,8,3,5,41
1,8,3,1,33
1,8,3,4,67
0,8,3,5,63
0,8,3,2,65
1,8,3,5,50
0,8,3,4,59
0,8,3,5,58
0,8,3,4,70
1,8,3,4,55
0,8,3,3,40
1,8,3,1,27
0,8,3,4,41
0,8,3,3,24
1,8,3,3,54
1,8,3,1,61
0,8,3,2,50
0,8,3,4,25
0,8,3,2,30
0,8,3,4,37
1,8,3,2,30
1,8,3,1,43
1,8,3,4,30
0,8,3,4,39
0,8,3,4,32
0,8,3,3,65
1,8,3,4,20
0,8,3,2,35
1,8,3,5,34
1,8,3,2,64
0,8,3,2,68
1,8,3,1,32
0,8,3,5,59
1,8,3,1,29
0,8,3,4,20
0,8,3,2,38
1,8,3,3,55
0,8,3,2,19
0,8,3,2,27
0,8,3,1,28
1,8,3,1,24
0,8,3,4,43
1,8,3,5,21
0,8,3,1,59
0,8,3,4,53
0,8,3,1,26
0,8,3,1,61
1,8,3,3,51
0,8,3,3,38
0,8,3,4,52
0,8,3,4,56
0,8,3,3,31
1,8,3,3,35
1,8,3,5,51
1,8,3,1,30
1,8,3,5,60
0,8,3,5,23
0,8,3,5,60
1,8,3,3,33
1,8,3,1,58
1,8,3,1,56
0,8,3,4,48
0,8,3,2,23
1,0,4,2,26
0,0,4,4,39
1,0,4,5,51
1,0,4,4,58
1,0,4,5,43
1,0,4,3,51
1,0,4,4,52
1,0,4,1,67
0,0,4,4,68
0,0,4,3,53
0,0,4,2,36
1,0,4,4,25
0,0,4,5,57
1,0,4,5,66
1,0,4,5,56
0,0,4,5,55
0,0,4,1,43
1,0,4,1,60
0,0,4,2,40
1,0,4,3,34
1,0,4,2,61
1,0,4,1,24
0,0,4,2,51
0,0,4,4,65
0,0,4,4,28
1,0,4,4,69
1,0,4,2,33
1,0,4,2,68
0,0,4,4,41
0,0,4,5,53
0,0,4,4,39
0,0,4,2,57
0,0,4,3,54
0,0,4,1,65
1,0,4,1,27
1,0,4,4,26
0,0,4,5,69
1,0,4,4,39
0,0,4,3,21
0,0,4,3,28
0,0,4,2,48
1,0,4,3,28
0,0,4,4,44
0,0,4,3,19
0,0,4,4,22
1,0,4,5,47
1,0,4,4,20
1,0,4,5,46
0,0,4,3,52
0,0,4,3,44
0,0,4,2,22
0,0,4,3,28
0,0,4,3,31
1,0,4,2,50
1,0,4,1,66
1,0,4,3,63
1,0,4,1,50
1,0,4,2,28
1,0,4,5,51
1,0,4,5,34
0,0,4,1,29
1,0,4,3,42
1,0,4,4,48
1,0,4,5,44
1,0,4,2,52
0,0,4,2,36
1,0,4,3,32
0,0,4,3,47
0,0,4,4,66
1,0,4,2,39
1,1,4,1,60
0,1,4,5,26
1,1,4,3,43
1,1,4,4,66
0,1,4,4,33
0,1,4,5,27
0,1,4,4,39
1,1,4,3,23
1,1,4,1,56
1,1,4,3,30
1,1,4,1,52
0,1,4,1,25
1,1,4,1,61
1,1,4,4,65
1,1,4,5,50
0,1,4,3,38
0,1,4,1,54
1,1,4,1,24
0,1,4,5,52
0,1,4,3,25
0,1,4,4,40
0,1,4,4,66
1,1,4,5,20
0,1,4,3,23
1,1,4,2,49
1,1,4,3,55
1,1,4,4,42
0,1,4,5,65
0,1,4,4,44
0,1,4,3,40
0,1,4,2,60
0,1,4,3,47
1,1,4,1,36
0,1,4,1,38
1,1,4,3,19
0,1,4,1,28
1,1,4,1,57
1,1,4,5,46
1,1,4,1,57
1,1,4,1,38
1,1,4,2,44
0,1,4,4,50
0,1,4,5,45
1,1,4,2,67
1,1,4,2,34
0,1,4,1,42
1,1,4,3,43
1,1,4,2,41
0,1,4,5,46
0,1,4,1,25
0,1,4,1,54
1,1,4,2,56
0,1,4,5,50
1,1,4,1,29
1,1,4,3,43
1,1,4,3,51
1,1,4,1,53
1,1,4,1,48
1,1,4,4,31
0,1,4,1,45
1,1,4,5,32
0,1,4,4,57
1,1,4,1,24
1,1,4,4,59
0,1,4,2,38
1,1,4,5,26
0,1,4,1,58
0,1,4,1,37
1,1,4,4,52
1,1,4,4,21
0,2,4,5,61
0,2,4,3,28
0,2,4,1,43
0,2,4,2,26
0,2,4,4,56
1,2,4,1,34
1,2,4,4,68
1,2,4,3,21
1,2,4,1,48
1,2,4,3,40
0,2,4,4,52
0,2,4,4,69
1,2,4,2,54
0,2,4,2,39
0,2,4,2,58
0,2,4,5,38
0,2,4,3,49
0,2,4,2,27
0,2,4,4,58
1,2,4,1,35
1,2,4,3,42
1,2,4,4,57
1,2,4,1,57
0,2,4,3,43
0,2,4,5,21
1,2,4,1,48
0,2,4,1,35
1,2,4,2,37
1,2,4,4,39
1,2,4,3,32
1,2,4,5,60
1,2,4,2,26
1,2,4,1,37
1,2,4,3,45
0,2,4,5,62
0,2,4,5,51
0,2,4,4,29
1,2,4,5,54
0,2,4,1,20
1,2,4,2,40
0,2,4,1,21
1,2,4,3,29
1,2,4,2,57
1,2,4,1,32
1,2,4,2,54
1,2,4,4,21
1,2,4,1,67
1,2,4,2,36
0,2,4,5,46
0,2,4,3,67
1,2,4,1,60
1,2,4,4,68
0,2,4,5,21
0,2,4,5,47
0,2,4,1,20
0,2,4,5,56
1,2,4,4,65
1,2,4,5,29
0,2,4,5,19
0,2,4,4,35
1,2,4,5,51
1,2,4,5,39
0,2,4,4,69
1,2,4,5,59
0,2,4,2,47
1,2,4,1,20
1,2,4,4,52
0,2,4,2,60
1,2,4,4,55
1,2,4,1,28
0,3,4,4,34
1,3,4,2,43
1,3,4,5,25
1,3,4,3,65
0,3,4,5,52
1,3,4,5,46
0,3,4,4,49
1,3,4,3,40
1,3,4,3,37
1,3,4,4,61
1,3,4,4,61
1,3,4,2,57
0,3,4,4,65
1,3,4,5,57
1,3,4,5,54
1,3,4,3,31
0,3,4,3,68
1,3,4,2,38
1,3,4,1,56
0,3,4,4,39
1,3,4,4,24
1,3,4,3,51
0,3,4,4,39
1,3,4,1,58
0,3,4,4,46
1,3,4,4,44
0,3,4,5,57
0,3,4,1,68
0,3,4,1,42
0,3,4,4,42
0,3,4,5,52
1,3,4,4,57
0,3,4,1,19
0,3,4,5,46
0,3,4,1,36
0,3,4,3,42
1,3,4,3,62
0,3,4,2,56
1,3,4,3,53
1,3,4,2,20
1,3,4,1,50
1,3,4,4,65
1,3,4,4,34
0,3,4,4,62
1,3,4,2,69
1,3,4,2,20
0,3,4,5,30
1,3,4,2,42
1,3,4,5,21
0,3,4,2,23
0,3,4,1,45
1,3,4,4,37
1,3,4,2,48
1,3,4,2,24
0,3,4,3,41
0,3,4,5,56
1,3,4,1,51
0,3,4,1,21
0,3,4,1,64
1,3,4,3,53
0,3,4,1,30
1,3,4,5,32
1,3,4,3,43
0,3,4,2,34
0,3,4,5,64
0,3,4,5,22
0,3,4,3,43
0,3,4,5,40
0,3,4,5,61
1,3,4,5,55
1,4,4,2,43
1,4,4,1,39
0,4,4,3,36
1,4,4,2,30
1,4,4,3,39
0,4,4,1,31
1,4,4,3,30
1,4,4,5,68
1,4,4,2,65
0,4,4,2,60
1,4,4,1,65
0,4,4,5,25
0,4,4,3,36
0,4,4,5,26
0,4,4,5,22
0,4,4,3,64
1,4,4,5,56
0,4,4,1,58
1,4,4,3,66
1,4,4,4,52
0,4,4,5,61
0,4,4,5,69
0,4,4,5,32
0,4,4,3,30
1,4,4,3,54
0,4,4,4,24
0,4,4,3,57
1,4,4,4,49
0,4,4,4,22
0,4,4,5,33
1,4,4,3,69
1,4,4,4,32
1,4,4,5,33
0,4,4,5,67
0,4,4,4,37
1,4,4,1,44
0,4,4,2,68
0,4,4,5,21
1,4,4,2,62
0,4,4,3,45
0,4,4,4,55
0,4,4,3,24
1,4,4,4,44
0,4,4,3,68
1,4,4,3,67
0,4,4,2,69
1,4,4,1,47
0,4,4,5,57
1,4,4,2,41
0,4,4,2,55
1,4,4,2,66
1,4,4,2,42
0,4,4,5,20
1,4,4,4,32
1,4,4,4,44
0,4,4,1,47
0,4,4,5,69
1,4,4,2,60
0,4,4,4,43
0,4,4,5,21
0,4,4,1,58
0,4,4,3,58
1,4,4,3,45
0,4,4,1,38
0,4,4,1,61
0,4,4,1,43
1,4,4,1,56
1,4,4,4,34
0,4,4,4,49
0,4,4,1,57
1,5,4,3,23
0,5,4,1,46
0,5,4,3,67
0,5,4,2,41
1,5,4,5,29
1,5,4,4,63
0,5,4,2,59
1,5,4,1,59
0,5,4,1,20
1,5,4,3,45
1,5,4,3,37
0,5,4,5,24
0,5,4,3,65
0,5,4,5,43
0,5,4,4,22
0,5,4,3,31
0,5,4,1,29
0,5,4,1,35
0,5,4,4,41
0,5,4,3,54
1,5,4,3,35
1,5,4,1,20
1,5,4,4,20
1,5,4,2,24
0,5,4,2,19
0,5,4,5,27
1,5,4,3,56
0,5,4,5,24
1,5,4,1,37
0,5,4,3,25
0,5,4,3,29
0,5,4,2,69
1,5,4,4,65
1,5,4,2,60
0,5,4,3,31
0,5,4,1,38
0,5,4,5,49
1,5,4,2,20
0,5,4,4,68
0,5,4,2,44
1,5,4,5,38
1,5,4,5,46
1,5,4,4,26
1,5,4,1,62
1,5,4,5,27
0,5,4,3,63
0,5,4,3,37
1,5,4,4,57
1,5,4,2,24
1,5,4,3,46
1,5,4,2,26
1,5,4,1,68
0,5,4,4,53
1,5,4,5,20
0,5,4,4,65
1,5,4,5,67
1,5,4,2,33
1,5,4,5,44
0,5,4,4,29
0,5,4,1,27
1,5,4,5,60
1,5,4,2,40
0,5,4,2,30
1,5,4,4,59
0,5,4,1,61
1,5,4,3,36
1,5,4,4,36
0,5,4,4,38
1,5,4,4,56
1,5,4,2,47
1,6,4,5,29
0,6,4,4,26
1,6,4,3,19
1,6,4,2,52
0,6,4,2,28
1,6,4,3,50
1,6,4,4,37
1,6,4,4,40
0,6,4,3,20
1,6,4,2,50
1,6,4,3,35
1,6,4,1,68
1,6,4,1,21
0,6,4,4,27
1,6,4,4,45
0,6,4,4,30
0,6,4,1,30
0,6,4,1,68
1,6,4,1,66
1,6,4,1,29
0,6,4,5,26
0,6,4,3,59
0,6,4,5,65
1,6,4,3,60
0,6,4,2,60
0,6,4,4,51
0,6,4,2,48
0,6,4,5,66
0,6,4,5,40
0,6,4,1,57
1,6,4,4,46
0,6,4,5,58
0,6,4,2,69
1,6,4,3,46
0,6,4,3,23
1,6,4,4,26
1,6,4,2,42
0,6,4,4,46
0,6,4,5,45
0,6,4,5,66
1,6,4,5,25
1,6,4,5,68
1,6,4,2,64
1,6,4,2,39
1,6,4,1,67
1,6,4,2,67
1,6,4,2,24
0,6,4,1,46
0,6,4,3,49
0,6,4,4,22
1,6,4,3,48
1,6,4,5,37
0,6,4,3,23
0,6,4,4,65
1,6,4,5,26
1,6,4,5,24
0,6,4,2,23
1,6,4,4,42
1,6,4,1,50
0,6,4,4,61
0,6,4,2,65
0,6,4,4,46
1,6,4,1,50
0,6,4,3,23
1,6,4,3,21
0,6,4,4,41
1,6,4,4,61
1,6,4,4,60
1,6,4,3,22
0,6,4,1,30
1,7,4,4,43
1,7,4,1,58
1,7,4,5,22
1,7,4,1,32
0,7,4,4,40
1,7,4,2,62
1,7,4,2,58
0,7,4,5,37
1,7,4,1,38
1,7,4,2,43
0,7,4,1,45
1,7,4,4,33
1,7,4,3,34
1,7,4,4,48
0,7,4,2,47
0,7,4,5,36
1,7,4,3,60
1,7,4,5,45
1,7,4,2,66
0,7,4,2,26
1,7,4,1,40
1,7,4,2,26
1,7,4,2,59
1,7,4,3,40
1,7,4,1,23
0,7,4,4,56
1,7,4,4,60
1,7,4,2,64
1,7,4,1,20
1,7,4,3,40
1,7,4,2,44
0,7,4,5,51
0,7,4,5,48
0,7,4,2,53
1,7,4,1,28
1,7,4,1,32
1,7,4,1,39
1,7,4,1,39
1,7,4,3,31
0,7,4,5,58
1,7,4,1,44
0,7,4,2,56
1,7,4,5,54
0,7,4,5,42
1,7,4,2,45
0,7,4,2,47
1,7,4,5,51
1,7,4,5,52
0,7,4,1,38
0,7,4,2,44
1,7,4,5,56
0,7,4,2,36
1,7,4,4,63
1,7,4,2,51
1,7,4,5,19
0,7,4,1,32
0,7,4,4,23
1,7,4,5,58
0,7,4,2,30
0,7,4,1,66
0,7,4,2,25
0,7,4,1,28
0,7,4,5,48
1,7,4,4,26
1,7,4,1,64
1,7,4,5,67
0,7,4,1,32
1,7,4,3,28
0,7,4,2,28
0,7,4,3,25
1,8,4,1,38
1,8,4,4,62
1,8,4,4,70
1,8,4,4,25
1,8,4,1,65
0,8,4,1,59
1,8,4,2,30
0,8,4,1,30
1,8,4,5,26
0,8,4,3,60
1,8,4,2,43
1,8,4,1,60
0,8,4,3,50
0,8,4,5,40
0,8,4,2,22
1,8,4,2,42
0,8,4,3,42
0,8,4,5,38
0,8,4,2,70
1,8,4,3,66
1,8,4,4,69
0,8,4,5,20
0,8,4,4,57
0,8,4,2,60
1,8,4,4,35
0,8,4,4,41
1,8,4,3,65
1,8,4,5,60
1,8,4,4,21
0,8,4,4,59
0,8,4,2,67
0,8,4,1,21
1,8,4,3,44
0,8,4,5,59
1,8,4,3,40
1,8,4,2,29
1,8,4,3,45
1,8,4,1,66
1,8,4,4,56
0,8,4,2,58
0,8,4,5,40
1,8,4,2,53
0,8,4,3,57
1,8,4,1,20
1,8,4,5,49
1,8,4,5,58
1,8,4,5,43
1,8,4,5,70
0,8,4,2,43
0,8,4,4,62
0,8,4,5,67
0,8,4,4,51
1,8,4,5,35
0,8,4,5,35
1,8,4,5,44
0,8,4,1,20
0,8,4,1,48
0,8,4,1,47
1,8,4,1,28
1,8,4,4,50
1,8,4,1,41
0,8,4,2,39
1,8,4,4,65
1,8,4,5,47
0,8,4,3,62
1,8,4,3,52
1,8,4,1,27
0,8,4,4,61
0,8,4,4,44
1,8,4,5,26
0,0,5,2,49
0,0,5,3,68
0,0,5,5,68
1,0,5,1,43
1,0,5,4,58
1,0,5,5,40
1,0,5,2,62
1,0,5,3,36
1,0,5,1,53
0,0,5,1,67
0,0,5,2,65
1,0,5,1,57
1,0,5,4,47
1,0,5,4,25
0,0,5,2,27
1,0,5,5,30
1,0,5,3,28
0,0,5,3,59
1,0,5,4,61
1,0,5,3,26
1,0,5,3,67
1,0,5,3,60
1,0,5,2,41
1,0,5,5,55
1,0,5,2,44
1,0,5,2,56
1,0,5,1,56
1,0,5,2,46
1,0,5,2,28
0,0,5,5,49
1,0,5,5,23
1,0,5,2,42
1,0,5,1,59
0,0,5,5,23
1,0,5,2,53
0,0,5,4,35
0,0,5,3,48
0,0,5,5,52
1,0,5,4,45
0,0,5,4,45
0,0,5,4,20
0,0,5,1,65
0,0,5,3,53
0,0,5,2,48
1,0,5,3,23
1,0,5,3,32
1,0,5,4,21
0,0,5,4,30
0,0,5,3,48
0,0,5,2,46
0,0,5,1,39
1,0,5,5,47
1,0,5,1,35
0,0,5,5,23
1,0,5,4,29
0,0,5,2,67
1,0,5,1,46
1,0,5,3,54
0,0,5,1,59
0,0,5,3,57
0,0,5,4,33
0,0,5,3,36
0,0,5,1,26
0,0,5,2,66
0,0,5,4,53
0,0,5,4,21
0,0,5,4,47
0,0,5,4,44
1,0,5,3,51
1,0,5,1,35
0,1,5,1,57
0,1,5,4,56
1,1,5,5,38
1,1,5,3,46
0,1,5,3,27
0,1,5,5,58
1,1,5,3,54
1,1,5,5,58
0,1,5,1,23
0,1,5,1,65
0,1,5,4,60
1,1,5,1,49
1,1,5,1,39
0,1,5,4,22
1,1,5,1,38
0,1,5,3,32
0,1,5,4,32
1,1,5,3,32
0,1,5,1,45
1,1,5,2,24
1,1,5,2,37
1,1,5,5,28
1,1,5,4,52
0,1,5,1,28
0,1,5,5,61
0,1,5,3,54
1,1,5,4,57
0,1,5,1,19
1,1,5,2,25
0,1,5,4,66
0,1,5,5,33
1,1,5,1,41
0,1,5,1,38
1,1,5,1,44
0,1,5,3,33
0,1,5,3,38
0,1,5,1,58
1,1,5,1,38
1,1,5,5,59
1,1,5,1,26
1,1,5,4,25
0,1,5,3,54
0,1,5,4,54
0,1,5,3,56
0,1,5,1,69
1,1,5,1,21
1,1,5,4,65
0,1,5,3,39
0,1,5,5,52
0,1,5,4,38
0,1,5,1,20
0,1,5,2,45
0,1,5,4,58
0,1,5,1,57
0,1,5,4,24
0,1,5,4,39
0,1,5,2,19
1,1,5,5,20
0,1,5,3,67
1,1,5,5,59
0,1,5,4,25
0,1,5,2,34
0,1,5,3,67
1,1,5,4,58
1,1,5,1,26
1,1,5,1,54
1,1,5,2,55
0,1,5,1,39
1,1,5,1,65
0,1,5,2,64
0,2,5,5,25
1,2,5,2,22
0,2,5,2,30
1,2,5,2,34
0,2,5,2,56
0,2,5,2,42
1,2,5,4,26
0,2,5,1,39
1,2,5,1,69
0,2,5,4,21
1,2,5,1,60
1,2,5,3,39
1,2,5,3,30
1,2,5,1,20
1,2,5,1,23
0,2,5,2,44
0,2,5,2,52
1,2,5,4,36
1,2,5,2,48
0,2,5,2,66
0,2,5,1,29
0,2,5,1,69
0,2,5,5,43
0,2,5,4,56
1,2,5,1,57
0,2,5,3,57
1,2,5,5,24
1,2,5,5,42
0,2,5,3,44
1,2,5,2,29
0,2,5,2,28
0,2,5,3,34
1,2,5,4,45
1,2,5,2,36
1,2,5,1,37
0,2,5,1,27
1,2,5,1,23
1,2,5,5,62
0,2,5,2,52
1,2,5,1,61
1,2,5,5,52
0,2,5,1,21
0,2,5,1,64
0,2,5,3,47
0,2,5,2,23
0,2,5,4,25
1,2,5,4,35
0,2,5,1,33
1,2,5,2,66
1,2,5,4,42
0,2,5,3,45
1,2,5,5,69
0,2,5,3,59
1,2,5,4,64
0,2,5,4,23
1,2,5,4,66
0,2,5,1,37
1,2,5,1,35
0,2,5,3,62
0,2,5,4,32
0,2,5,1,64
1,2,5,1,39
0,2,5,4,27
1,2,5,4,58
1,2,5,3,36
0,2,5,5,69
0,2,5,5,30
1,2,5,5,48
0,2,5,4,42
0,2,5,2,47
1,3,5,2,44
1,3,5,1,62
0,3,5,4,64
0,3,5,1,62
1,3,5,3,27
1,3,5,1,33
0,3,5,3,23
1,3,5,1,36
1,3,5,1,35
0,3,5,2,19
1,3,5,4,59
0,3,5,4,23
1,3,5,3,32
1,3,5,2,45
0,3,5,3,54
1,3,5,2,60
0,3,5,1,36
0,3,5,4,66
1,3,5,4,34
0,3,5,3,66
1,3,5,1,60
1,3,5,3,27
1,3,5,3,20
0,3,5,4,65
1,3,5,4,29
1,3,5,5,59
1,3,5,1,62
0,3,5,1,53
0,3,5,5,66
1,3,5,5,35
1,3,5,3,54
1,3,5,3,34
0,3,5,2,30
0,3,5,2,46
0,3,5,5,67
1,3,5,4,48
0,3,5,2,47
1,3,5,2,42
1,3,5,5,52
0,3,5,3,65
0,3,5,5,66
0,3,5,2,45
0,3,5,3,47
0,3,5,4,28
0,3,5,3,35
1,3,5,1,27
1,3,5,2,63
1,3,5,4,26
1,3,5,4,49
0,3,5,2,31
1,3,5,2,54
1,3,5,2,53
0,3,5,4,29
1,3,5,4,23
0,3,5,1,51
1,3,5,3,33
1,3,5,5,26
0,3,5,2,44
0,3,5,2,38
0,3,5,5,58
1,3,5,5,63
1,3,5,3,55
1,3,5,4,67
1,3,5,3,45
1,3,5,5,25
0,3,5,1,54
0,3,5,1,21
0,3,5,1,68
0,3,5,2,40
1,3,5,1,58
0,4,5,5,44
0,4,5,3,39
0,4,5,3,29
0,4,5,4,28
0,4,5,4,38
0,4,5,5,25
0,4,5,4,28
1,4,5,5,68
0,4,5,2,53
0,4,5,1,21
0,4,5,4,43
0,4,5,5,26
1,4,5,2,66
1,4,5,3,22
1,4,5,3,44
0,4,5,3,31
0,4,5,5,48
1,4,5,4,55
0,4,5,1,58
1,4,5,2,62
1,4,5,5,41
0,4,5,4,67
0,4,5,2,23
0,4,5,5,67
1,4,5,1,35
0,4,5,3,29
0,4,5,1,56
0,4,5,5,31
0,4,5,1,33
0,4,5,2,63
0,4,5,1,35
1,4,5,3,58
1,4,5,2,63
0,4,5,5,57
1,4,5,2,41
0,4,5,2,59
0,4,5,4,63
0,4,5,2,61
1,4,5,3,45
0,4,5,5,66
0,4,5,2,28
1,4,5,2,43
0,4,5,3,31
0,4,5,3,20
0,4,5,3,53
1,4,5,3,54
1,4,5,5,32
0,4,5,3,39
0,4,5,4,48
0,4,5,2,21
0,4,5,4,44
1,4,5,2,42
1,4,5,3,22
1,4,5,2,54
0,4,5,5,54
0,4,5,4,54
1,4,5,4,38
1,4,5,3,68
1,4,5,2,55
0,4,5,2,56
1,4,5,4,65
0,4,5,1,33
1,4,5,1,46
1,4,5,2,20
1,4,5,1,65
0,4,5,5,27
1,4,5,5,65
1,4,5,1,44
1,4,5,1,26
0,4,5,4,31
0,5,5,1,21
0,5,5,5,24
0,5,5,3,63
1,5,5,3,57
0,5,5,5,49
0,5,5,3,58
0,5,5,1,39
1,5,5,1,38
0,5,5,4,35
1,5,5,2,48
0,5,5,5,48
1,5,5,1,64
0,5,5,3,31
0,5,5,3,58
1,5,5,1,64
1,5,5,4,41
0,5,5,1,46
0,5,5,4,20
0,5,5,4,42
1,5,5,2,51
1,5,5,4,29
1,5,5,3,64
1,5,5,1,47
0,5,5,3,53
0,5,5,5,48
1,5,5,5,28
1,5,5,1,34
1,5,5,5,30
1,5,5,1,29
0,5,5,2,41
1,5,5,4,35
1,5,5,3,27
0,5,5,4,47
1,5,5,1,50
1,5,5,4,29
0,5,5,2,33
1,5,5,1,48
1,5,5,2,40
0,5,5,2,49
0,5,5,5,62
0,5,5,4,33
1,5,5,1,50
1,5,5,4,29
0,5,5,5,48
1,5,5,4,41
0,5,5,2,43
0,5,5,2,27
0,5,5,1,47
0,5,5,5,30
0,5,5,3,37
0,5,5,2,70
1,5,5,4,25
1,5,5,4,38
0,5,5,3,45
1,5,5,2,37
1,5,5,4,41
1,5,5,2,56
0,5,5,1,33
1,5,5,3,50
1,5,5,5,33
1,5,5,2,20
1,5,5,5,69
0,5,5,4,31
0,5,5,3,34
0,5,5,3,42
0,5,5,5,61
0,5,5,2,62
1,5,5,2,56
0,5,5,1,19
0,5,5,4,56
1,6,5,2,24
0,6,5,1,52
1,6,5,2,58
1,6,5,3,26
1,6,5,3,68
1,6,5,2,35
0,6,5,5,45
0,6,5,3,42
1,6,5,3,41
1,6,5,2,40
0,6,5,4,68
1,6,5,2,21
0,6,5,4,32
1,6,5,5,32
0,6,5,2,51
1,6,5,3,32
0,6,5,2,48
0,6,5,1,45
1,6,5,1,23
0,6,5,3,62
1,6,5,5,38
0,6,5,5,38
0,6,5,3,65
1,6,5,4,55
0,6,5,4,69
0,6,5,1,64
1,6,5,1,53
1,6,5,1,70
0,6,5,4,46
1,6,5,1,21
1,6,5,4,21
1,6,5,3,42
0,6,5,3,65
1,6,5,3,32
0,6,5,2,60
0,6,5,2,27
0,6,5,4,32
1,6,5,4,66
0,6,5,1,53
1,6,5,3,58
1,6,5,3,67
1,6,5,1,68
1,6,5,1,45
1,6,5,3,40
0,6,5,4,58
1,6,5,3,30
1,6,5,1,36
0,6,5,1,58
0,6,5,5,35
1,6,5,1,69
1,6,5,5,60
0,6,5,5,60
1,6,5,2,47
1,6,5,5,46
1,6,5,3,27
1,6,5,5,31
0,6,5,4,66
1,6,5,1,29
1,6,5,1,57
0,6,5,1,42
1,6,5,1,52
0,6,5,2,68
1,6,5,1,36
1,6,5,4,65
0,6,5,5,26
0,6,5,5,33
1,6,5,1,22
0,6,5,4,47
0,6,5,2,23
1,6,5,3,61
0,7,5,2,23
1,7,5,2,46
1,7,5,2,52
1,7,5,4,51
1,7,5,2,20
1,7,5,3,48
0,7,5,5,29
0,7,5,3,53
1,7,5,2,24
0,7,5,2,41
1,7,5,3,52
1,7,5,4,61
1,7,5,5,37
0,7,5,4,62
1,7,5,2,59
1,7,5,2,59
1,7,5,3,31
1,7,5,2,50
0,7,5,2,42
0,7,5,1,55
0,7,5,4,60
1,7,5,2,43
0,7,5,5,48
1,7,5,3,30
1,7,5,3,32
0,7,5,1,48
1,7,5,1,62
1,7,5,1,21
1,7,5,1,38
0,7,5,3,70
1,7,5,2,51
0,7,5,3,61
0,7,5,5,42
0,7,5,3,42
0,7,5,1,29
1,7,5,5,39
1,7,5,5,41
0,7,5,3,21
1,7,5,3,40
1,7,5,2,49
0,7,5,3,22
0,7,5,3,58
0,7,5,4,34
1,7,5,5,48
1,7,5,1,28
1,7,5,5,45
0,7,5,2,22
0,7,5,4,46
0,7,5,3,60
1,7,5,2,31
1,7,5,5,56
0,7,5,1,58
1,7,5,2,50
1,7,5,5,25
0,7,5,1,21
1,7,5,4,31
0,7,5,1,66
0,7,5,5,19
1,7,5,1,58
0,7,5,2,31
0,7,5,4,64
1,7,5,1,51
0,7,5,3,42
0,7,5,2,62
1,7,5,2,34
0,7,5,4,55
1,7,5,4,46
1,7,5,4,59
0,7,5,1,64
1,7,5,4,48
0,8,5,3,22
1,8,5,5,40
1,8,5,1,64
0,8,5,3,63
0,8,5,1,27
1,8,5,1,59
1,8,5,3,69
1,8,5,4,42
1,8,5,2,27
0,8,5,3,42
1,8,5,1,40
0,8,5,3,35
0,8,5,3,20
0,8,5,4,58
0,8,5,3,52
1,8,5,5,49
0,8,5,2,47
1,8,5,3,63
1,8,5,5,55
0,8,5,1,27
1,8,5,5,49
1,8,5,1,43
1,8,5,3,47
1,8,5,1,36
0,8,5,1,23
1,8,5,1,62
1,8,5,2,20
1,8,5,4,46
1,8,5,3,28
0,8,5,5,34
0,8,5,1,54
0,8,5,4,30
1,8,5,1,19
1,8,5,4,59
0,8,5,1,48
0,8,5,5,56
0,8,5,4,67
1,8,5,4,28
1,8,5,3,53
1,8,5,1,25
1,8,5,4,64
0,8,5,1,21
0,8,5,5,28
1,8,5,1,43
1,8,5,2,44
1,8,5,3,45
0,8,5,3,28
1,8,5,1,35
0,8,5,3,30
1,8,5,1,50
1,8,5,5,45
0,8,5,3,22
0,8,5,2,54
0,8,5,2,63
1,8,5,3,65
1,8,5,4,27
1,8,5,3,22
0,8,5,4,61
1,8,5,2,54
1,8,5,4,59
1,8,5,4,31
1,8,5,4,50
1,8,5,5,50
1,8,5,1,21
0,8,5,1,36
0,8,5,5,44
0,8,5,2,43
1,8,5,3,58
1,8,5,5,68
0,8,5,4,21
1,0,6,4,63
0,0,6,1,23
1,0,6,3,22
1,0,6,4,47
0,0,6,4,40
1,0,6,2,28
1,0,6,3,32
0,0,6,5,43
0,0,6,3,59
0,0,6,4,49
0,0,6,5,34
1,0,6,4,52
1,0,6,2,68
0,0,6,1,52
1,0,6,1,60
1,0,6,3,54
0,0,6,1,34
1,0,6,2,66
0,0,6,5,41
1,0,6,2,46
1,0,6,5,47
0,0,6,3,62
0,0,6,2,30
0,0,6,3,48
0,0,6,5,29
1,0,6,2,24
0,0,6,4,43
1,0,6,4,20
1,0,6,4,47
1,0,6,3,61
0,0,6,5,69
0,0,6,4,60
1,0,6,4,43
1,0,6,1,31
0,0,6,5,21
0,0,6,1,21
1,0,6,2,36
0,0,6,4,41
1,0,6,1,63
0,0,6,4,34
0,0,6,3,56
1,0,6,1,54
1,0,6,2,31
1,0,6,3,61
0,0,6,2,35
1,0,6,3,68
0,0,6,5,25
1,0,6,5,30
0,0,6,1,34
1,0,6,1,67
1,0,6,4,45
0,0,6,5,49
0,0,6,5,49
1,0,6,4,45
0,0,6,2,40
0,0,6,2,48
0,0,6,3,57
1,0,6,5,30
0,0,6,3,32
0,0,6,1,63
0,0,6,1,53
1,0,6,5,46
0,0,6,2,25
1,0,6,3,64
0,0,6,3,58
1,0,6,3,27
1,0,6,2,20
1,0,6,4,39
1,0,6,4,26
0,0,6,1,25
1,1,6,3,46
0,1,6,3,26
1,1,6,1,19
1,1,6,2,69
1,1,6,5,55
0,1,6,5,52
0,1,6,4,63
0,1,6,4,54
0,1,6,5,47
1,1,6,5,63
1,1,6,4,21
0,1,6,4,50
1,1,6,3,20
1,1,6,5,53
1,1,6,5,55
1,1,6,4,25
1,1,6,5,51
0,1,6,2,51
1,1,6,3,67
1,1,6,1,48
0,1,6,4,51
1,1,6,4,36
0,1,6,4,29
1,1,6,2,52
1,1,6,1,38
1,1,6,4,61
0,1,6,2,33
1,1,6,3,51
0,1,6,5,57
0,1,6,3,24
1,1,6,3,39
0,1,6,3,33
1,1,6,2,57
0,1,6,5,32
1,1,6,1,21
0,1,6,4,40
0,1,6,2,62
1,1,6,3,48
0,1,6,5,48
0,1,6,4,42
1,1,6,2,67
1,1,6,5,67
0,1,6,4,56
0,1,6,1,56
0,1,6,3,23
0,1,6,5,37
1,1,6,2,31
0,1,6,5,59
0,1,6,1,53
1,1,6,5,19
0,1,6,2,32
1,1,6,3,64
0,1,6,1,64
0,1,6,2,61
1,1,6,1,61
0,1,6,5,48
1,1,6,1,58
0,1,6,4,66
1,1,6,4,41
1,1,6,1,55
0,1,6,2,29
1,1,6,3,62
1,1,6,4,56
0,1,6,3,25
0,1,6,2,59
1,1,6,3,50
0,1,6,5,43
0,1,6,3,52
0,1,6,1,63
1,1,6,2,19
0,2,6,3,31
1,2,6,4,28
1,2,6,3,57
0,2,6,5,54
1,2,6,2,55
0,2,6,1,60
0,2,6,3,63
1,2,6,4,48
1,2,6,4,67
1,2,6,4,64
0,2,6,3,40
0,2,6,1,40
1,2,6,3,19
1,2,6,1,57
0,2,6,1,33
1,2,6,4,69
1,2,6,1,54
1,2,6,2,63
0,2,6,3,31
0,2,6,5,35
0,2,6,3,19
1,2,6,5,21
0,2,6,2,60
0,2,6,2,30
1,2,6,5,39
1,2,6,4,29
1,2,6,4,62
1,2,6,2,59
0,2,6,2,27
1,2,6,3,35
1,2,6,4,20
0,2,6,1,48
1,2,6,5,30
1,2,6,2,35
1,2,6,1,59
0,2,6,2,32
1,2,6,4,38
1,2,6,1,58
0,2,6,3,26
1,2,6,2,64
1,2,6,3,64
0,2,6,1,66
0,2,6,5,28
0,2,6,4,34
1,2,6,1,51
0,2,6,5,41
0,2,6,5,19
1,2,6,5,58
0,2,6,5,21
0,2,6,4,26
1,2,6,4,26
0,2,6,4,29
0,2,6,1,57
0,2,6,1,54
0,2,6,1,53
0,2,6,5,20
0,2,6,5,50
0,2,6,5,35
0,2,6,1,28
1,2,6,4,20
0,2,6,5,65
0,2,6,4,43
0,2,6,3,29
0,2,6,3,40
1,2,6,4,25
1,2,6,1,48
1,2,6,2,60
1,2,6,3,43
0,2,6,3,25
0,2,6,5,29
0,3,6,1,68
1,3,6,2,28
1,3,6,2,36
0,3,6,3,44
0,3,6,1,19
0,3,6,5,56
0,3,6,2,22
1,3,6,1,70
1,3,6,2,66
0,3,6,5,56
0,3,6,2,60
0,3,6,3,40
1,3,6,5,61
1,3,6,1,38
1,3,6,5,59
0,3,6,3,43
0,3,6,2,62
0,3,6,4,55
0,3,6,5,26
0,3,6,2,53
1,3,6,5,32
0,3,6,1,50
0,3,6,5,60
1,3,6,5,32
1,3,6,5,56
0,3,6,1,54
0,3,6,3,64
0,3,6,5,30
1,3,6,5,56
0,3,6,3,42
0,3,6,3,45
1,3,6,3,41
1,3,6,1,47
1,3,6,5,29
1,3,6,3,41
1,3,6,5,48
1,3,6,5,26
0,3,6,4,43
0,3,6,5,50
1,3,6,2,61
0,3,6,4,49
0,3,6,3,37
1,3,6,5,51
0,3,6,3,32
1,3,6,5,68
1,3,6,3,44
0,3,6,1,24
1,3,6,1,31
1,3,6,4,34
0,3,6,5,53
1,3,6,3,55
1,3,6,2,70
0,3,6,3,43
0,3,6,5,55
1,3,6,2,27
1,3,6,1,25
1,3,6,1,21
1,3,6,4,53
1,3,6,4,27
0,3,6,3,34
1,3,6,3,23
0,3,6,2,61
1,3,6,1,68
0,3,6,5,59
1,3,6,1,30
1,3,6,1,68
1,3,6,3,59
0,3,6,1,48
1,3,6,3,38
0,3,6,5,64
0,4,6,3,25
0,4,6,1,59
1,4,6,4,62
1,4,6,2,39
1,4,6,2,46
1,4,6,1,62
0,4,6,1,33
0,4,6,2,20
1,4,6,4,23
1,4,6,4,60
1,4,6,1,34
0,4,6,2,22
0,4,6,1,47
1,4,6,5,60
1,4,6,2,65
1,4,6,3,28
1,4,6,2,38
1,4,6,4,22
1,4,6,4,51
1,4,6,2,59
1,4,6,1,32
1,4,6,2,66
0,4,6,3,42
0,4,6,4,67
0,4,6,5,21
0,4,6,5,24
1,4,6,5,65
0,4,6,1,30
1,4,6,3,50
0,4,6,2,47
0,4,6,2,22
0,4,6,2,58
0,4,6,4,20
0,4,6,3,45
1,4,6,5,38
1,4,6,2,31
0,4,6,5,66
0,4,6,1,32
1,4,6,2,38
0,4,6,5,44
1,4,6,2,20
1,4,6,5,66
1,4,6,4,37
0,4,6,5,46
0,4,6,1,46
0,4,6,3,41
0,4,6,5,56
0,4,6,5,61
1,4,6,2,57
0,4,6,3,54
0,4,6,4,53
0,4,6,3,57
1,4,6,2,29
0,4,6,3,35
1,4,6,1,49
0,4,6,3,42
0,4,6,5,60
1,4,6,2,25
1,4,6,3,30
0,4,6,3,19
0,4,6,2,22
0,4,6,3,56
1,4,6,4,60
1,4,6,4,24
0,4,6,1,47
1,4,6,1,23
0,4,6,4,50
1,4,6,4,62
1,4,6,3,63
1,4,6,5,42
0,5,6,1,57
1,5,6,4,36
0,5,6,4,62
1,5,6,2,28
1,5,6,1,62
0,5,6,3,42
1,5,6,5,62
1,5,6,5,59
0,5,6,1,61
1,5,6,5,35
0,5,6,2,57
1,5,6,4,26
1,5,6,1,50
1,5,6,2,24
0,5,6,2,51
1,5,6,4,58
0,5,6,4,46
1,5,6,2,56
0,5,6,4,22
1,5,6,1,53
0,5,6,2,63
1,5,6,1,22
1,5,6,5,46
0,5,6,5,36
0,5,6,5,35
0,5,6,1,63
0,5,6,3,49
1,5,6,4,43
0,5,6,2,37
0,5,6,4,61
1,5,6,3,27
1,5,6,1,25
1,5,6,4,67
1,5,6,2,37
0,5,6,4,61
0,5,6,1,55
1,5,6,4,55
0,5,6,3,27
1,5,6,4,38
1,5,6,4,65
1,5,6,3,26
0,5,6,2,38
1,5,6,1,21
0,5,6,3,19
0,5,6,2,63
0,5,6,3,19
1,5,6,1,63
0,5,6,3,27
0,5,6,3,32
0,5,6,4,55
1,5,6,3,49
1,5,6,2,25
1,5,6,2,20
0,5,6,1,36
0,5,6,3,48
1,5,6,5,66
1,5,6,2,34
0,5,6,4,63
1,5,6,4,53
1,5,6,2,62
1,5,6,5,26
1,5,6,1,66
0,5,6,1,66
1,5,6,1,40
1,5,6,5,33
0,5,6,1,27
0,5,6,5,36
0,5,6,3,20
1,5,6,5,53
1,5,6,1,68
1,6,6,1,36
1,6,6,5,31
0,6,6,2,50
1,6,6,1,45
0,6,6,2,56
1,6,6,2,41
1,6,6,1,66
0,6,6,5,67
1,6,6,3,45
1,6,6,2,20
1,6,6,5,66
1,6,6,1,44
1,6,6,4,24
0,6,6,3,67
0,6,6,2,31
0,6,6,1,47
1,6,6,1,64
0,6,6,4,66
0,6,6,3,63
0,6,6,1,40
0,6,6,3,26
1,6,6,3,59
1,6,6,2,35
0,6,6,3,65
1,6,6,2,20
1,6,6,4,36
1,6,6,5,29
1,6,6,1,42
0,6,6,4,60
0,6,6,4,64
0,6,6,1,24
1,6,6,2,33
1,6,6,2,31
1,6,6,1,32
1,6,6,1,63
1,6,6,2,48
0,6,6,2,53
1,6,6,2,52
1,6,6,1,51
0,6,6,3,55
0,6,6,3,61
0,6,6,2,41
0,6,6,5,66
0,6,6,2,64
1,6,6,2,23
0,6,6,2,48
0,6,6,5,24
0,6,6,4,37
0,6,6,5,45
0,6,6,3,59
0,6,6,1,44
0,6,6,4,58
1,6,6,5,51
0,6,6,4,27
0,6,6,1,20
0,6,6,1,63
0,6,6,3,27
0,6,6,4,60
1,6,6,2,43
0,6,6,1,34
0,6,6,4,39
0,6,6,2,20
0,6,6,5,20
1,6,6,1,59
0,6,6,1,67
0,6,6,2,57
0,6,6,4,35
0,6,6,3,20
0,6,6,5,65
0,6,6,5,27
1,7,6,1,44
0,7,6,4,26
1,7,6,2,30
1,7,6,3,60
1,7,6,2,35
0,7,6,4,46
1,7,6,1,38
1,7,6,2,24
0,7,6,2,37
1,7,6,1,41
1,7,6,1,53
0,7,6,5,67
1,7,6,5,50
1,7,6,1,24
0,7,6,1,46
0,7,6,5,24
0,7,6,1,62
1,7,6,5,34
0,7,6,2,57
1,7,6,2,21
1,7,6,2,29
0,7,6,4,63
0,7,6,5,69
0,7,6,3,56
1,7,6,5,69
0,7,6,3,62
1,7,6,1,34
0,7,6,5,27
0,7,6,1,29
1,7,6,2,45
0,7,6,1,50
0,7,6,5,38
0,7,6,3,65
1,7,6,3,57
0,7,6,2,39
0,7,6,3,37
1,7,6,1,30
0,7,6,3,36
1,7,6,1,37
0,7,6,5,22
0,7,6,2,24
0,7,6,3,22
1,7,6,2,60
0,7,6,5,32
1,7,6,1,35
0,7,6,3,32
0,7,6,1,63
0,7,6,2,42
1,7,6,3,52
0,7,6,5,28
1,7,6,5,51
1,7,6,1,50
0,7,6,1,45
1,7,6,2,50
0,7,6,2,43
1,7,6,5,20
0,7,6,1,36
0,7,6,5,68
1,7,6,3,46
1,7,6,4,53
1,7,6,4,40
1,7,6,1,56
0,7,6,1,66
1,7,6,4,23
1,7,6,1,20
0,7,6,3,41
1,7,6,5,48
0,7,6,2,55
0,7,6,5,53
1,7,6,3,19
1,8,6,3,31
1,8,6,5,31
1,8,6,2,23
1,8,6,5,67
1,8,6,4,47
1,8,6,5,69
0,8,6,4,59
0,8,6,1,63
0,8,6,4,20
0,8,6,2,22
1,8,6,3,50
0,8,6,2,32
1,8,6,5,60
1,8,6,4,47
1,8,6,5,67
0,8,6,1,51
0,8,6,2,67
0,8,6,1,69
1,8,6,2,57
0,8,6,5,24
0,8,6,4,54
0,8,6,5,66
1,8,6,3,55
0,8,6,2,40
1,8,6,1,45
0,8,6,2,23
0,8,6,5,60
1,8,6,2,45
1,8,6,3,54
0,8,6,1,33
0,8,6,5,40
1,8,6,3,42
0,8,6,4,64
1,8,6,2,55
0,8,6,1,63
0,8,6,2,37
1,8,6,4,70
0,8,6,4,42
1,8,6,5,32
0,8,6,1,52
1,8,6,2,58
0,8,6,3,62
1,8,6,1,41
0,8,6,1,52
0,8,6,3,20
0,8,6,1,21
0,8,6,4,64
1,8,6,1,28
0,8,6,1,45
1,8,6,1,27
0,8,6,1,30
0,8,6,5,41
1,8,6,2,39
1,8,6,2,30
0,8,6,5,58
1,8,6,1,52
1,8,6,3,56
0,8,6,4,39
0,8,6,4,42
1,8,6,1,47
1,8,6,5,29
1,8,6,5,30
0,8,6,4,40
0,8,6,3,47
1,8,6,2,55
1,8,6,5,26
0,8,6,3,20
1,8,6,4,68
0,8,6,2,52
1,8,6,3,57
0,0,7,2,42
1,0,7,1,43
0,0,7,1,40
0,0,7,5,28
1,0,7,1,30
0,0,7,5,64
1,0,7,2,36
0,0,7,1,20
1,0,7,1,54
1,0,7,3,68
1,0,7,4,69
0,0,7,5,56
0,0,7,3,60
0,0,7,5,69
0,0,7,4,33
1,0,7,1,31
1,0,7,5,46
0,0,7,2,51
0,0,7,5,29
1,0,7,2,21
0,0,7,4,34
0,0,7,1,57
0,0,7,5,27
0,0,7,3,47
1,0,7,1,53
0,0,7,2,29
0,0,7,3,28
0,0,7,5,46
0,0,7,4,32
1,0,7,2,31
0,0,7,2,69
1,0,7,1,61
0,0,7,1,46
0,0,7,4,25
1,0,7,4,38
0,0,7,3,23
1,0,7,2,58
0,0,7,5,35
0,0,7,2,34
0,0,7,2,58
0,0,7,3,67
0,0,7,2,35
0,0,7,4,61
1,0,7,5,51
0,0,7,4,43
0,0,7,5,49
0,0,7,5,47
0,0,7,2,57
0,0,7,5,41
0,0,7,4,29
1,0,7,5,61
0,0,7,5,48
1,0,7,4,58
1,0,7,5,63
0,0,7,3,36
1,0,7,2,55
0,0,7,3,49
0,0,7,1,44
1,0,7,4,50
0,0,7,3,23
0,0,7,2,54
0,0,7,2,39
1,0,7,5,54
1,0,7,2,23
0,0,7,4,61
1,0,7,3,60
1,0,7,3,25
0,0,7,3,36
0,0,7,3,54
0,0,7,1,55
1,1,7,4,45
0,1,7,5,29
0,1,7,5,35
1,1,7,3,35
1,1,7,1,29
0,1,7,5,38
1,1,7,2,29
1,1,7,5,21
1,1,7,4,38
0,1,7,1,57
1,1,7,3,33
0,1,7,3,38
1,1,7,2,55
0,1,7,1,33
0,1,7,5,51
1,1,7,2,57
0,1,7,1,59
0,1,7,5,55
1,1,7,2,41
1,1,7,4,56
0,1,7,3,22
1,1,7,1,46
1,1,7,5,32
0,1,7,5,61
0,1,7,4,66
1,1,7,2,65
0,1,7,5,62
1,1,7,1,52
1,1,7,2,59
1,1,7,5,61
1,1,7,1,39
0,1,7,2,60
1,1,7,4,58
1,1,7,2,65
0,1,7,2,65
0,1,7,5,34
0,1,7,4,42
0,1,7,5,30
1,1,7,5,35
1,1,7,5,68
0,1,7,3,52
1,1,7,4,28
0,1,7,2,21
0,1,7,1,20
0,1,7,1,22
0,1,7,3,51
0,1,7,5,64
0,1,7,4,54
1,1,7,3,26
1,1,7,5,27
0,1,7,3,43
0,1,7,4,56
0,1,7,3,32
1,1,7,4,55
0,1,7,1,48
1,1,7,1,24
1,1,7,1,59
0,1,7,1,41
1,1,7,5,41
1,1,7,3,55
1,1,7,4,66
0,1,7,3,60
0,1,7,3,52
0,1,7,5,37
0,1,7,2,59
0,1,7,2,21
1,1,7,3,51
0,1,7,1,27
1,1,7,5,65
0,1,7,1,45
0,2,7,1,61
1,2,7,5,23
1,2,7,3,51
1,2,7,4,62
1,2,7,4,67
1,2,7,4,61
0,2,7,1,65
0,2,7,1,25
0,2,7,3,46
0,2,7,2,26
0,2,7,4,65
1,2,7,1,37
0,2,7,2,44
0,2,7,5,58
0,2,7,4,47
1,2,7,1,62
0,2,7,2,52
1,2,7,2,19
1,2,7,5,60
0,2,7,5,55
0,2,7,1,29
1,2,7,3,61
0,2,7,3,35
1,2,7,5,63
0,2,7,1,67
0,2,7,4,58
0,2,7,2,64
0,2,7,5,69
1,2,7,2,41
1,2,7,3,24
0,2,7,2,58
1,2,7,2,64
1,2,7,2,59
0,2,7,3,57
0,2,7,4,43
1,2,7,1,65
0,2,7,5,60
1,2,7,5,63
0,2,7,1,55
1,2,7,3,65
1,2,7,1,46
0,2,7,3,64
1,2,7,4,56
0,2,7,3,38
1,2,7,4,21
1,2,7,5,61
1,2,7,3,53
1,2,7,2,40
1,2,7,1,59
0,2,7,3,53
1,2,7,4,29
0,2,7,3,59
0,2,7,5,58
0,2,7,1,36
0,2,7,4,45
0,2,7,3,31
1,2,7,3,30
0,2,7,5,58
1,2,7,2,25
1,2,7,1,24
0,2,7,5,54
1,2,7,2,26
1,2,7,4,54
1,2,7,3,64
1,2,7,5,26
1,2,7,5,44
1,2,7,1,60
1,2,7,3,59
0,2,7,4,60
0,2,7,2,61
0,3,7,4,68
0,3,7,2,24
0,3,7,5,24
0,3,7,2,66
0,3,7,4,50
0,3,7,4,39
0,3,7,3,43
0,3,7,5,64
1,3,7,5,35
1,3,7,2,61
0,3,7,5,32
0,3,7,1,58
0,3,7,3,47
0,3,7,2,56
1,3,7,1,35
1,3,7,2,57
0,3,7,5,55
0,3,7,2,52
0,3,7,5,27
0,3,7,5,30
1,3,7,3,41
1,3,7,4,52
1,3,7,2,54
0,3,7,1,49
1,3,7,1,42
0,3,7,1,60
1,3,7,3,52
0,3,7,5,19
0,3,7,1,32
0,3,7,2,22
0,3,7,3,25
0,3,7,1,48
1,3,7,3,25
1,3,7,2,52
1,3,7,1,37
0,3,7,4,40
1,3,7,4,35
0,3,7,5,25
1,3,7,5,67
1,3,7,4,36
1,3,7,1,55
0,3,7,3,37
1,3,7,1,53
1,3,7,1,45
1,3,7,1,52
0,3,7,1,34
1,3,7,5,27
1,3,7,3,32
1,3,7,4,24
0,3,7,4,55
0,3,7,5,27
1,3,7,1,27
1,3,7,2,52
1,3,7,4,24
0,3,7,4,51
0,3,7,3,50
0,3,7,3,22
0,3,7,1,58
1,3,7,1,33
1,3,7,5,20
0,3,7,1,35
1,3,7,3,65
0,3,7,4,54
0,3,7,3,33
1,3,7,5,63
0,3,7,3,55
0,3,7,3,56
0,3,7,1,27
1,3,7,2,37
0,3,7,2,50
0,4,7,5,68
1,4,7,5,22
1,4,7,5,34
1,4,7,2,67
1,4,7,1,29
0,4,7,1,44
1,4,7,2,57
1,4,7,4,29
1,4,7,3,44
0,4,7,4,41
1,4,7,5,40
1,4,7,5,38
1,4,7,4,55
1,4,7,3,24
1,4,7,3,43
0,4,7,3,63
0,4,7,1,30
0,4,7,5,46
0,4,7,1,42
1,4,7,2,70
0,4,7,1,55
1,4,7,2,25
0,4,7,4,61
0,4,7,4,34
0,4,7,4,28
0,4,7,4,62
1,4,7,4,49
0,4,7,1,64
1,4,7,3,24
0,4,7,5,53
1,4,7,4,21
1,4,7,3,30
0,4,7,3,33
0,4,7,4,53
0,4,7,3,49
1,4,7,1,31
0,4,7,4,50
1,4,7,2,54
0,4,7,3,57
1,4,7,2,44
0,4,7,1,58
1,4,7,5,24
0,4,7,3,38
0,4,7,2,27
0,4,7,4,38
0,4,7,5,24
0,4,7,5,55
0,4,7,5,24
1,4,7,4,57
0,4,7,1,32
0,4,7,3,42
0,4,7,1,33
1,4,7,4,41
0,4,7,5,65
0,4,7,3,65
1,4,7,5,32
0,4,7,5,44
1,4,7,2,27
1,4,7,3,25
1,4,7,5,62
1,4,7,4,56
1,4,7,1,40
1,4,7,2,53
0,4,7,1,48
0,4,7,1,43
0,4,7,1,68
0,4,7,4,35
1,4,7,1,25
0,4,7,1,35
1,4,7,1,22
1,5,7,4,49
1,5,7,1,64
0,5,7,5,56
1,5,7,2,44
1,5,7,2,55
0,5,7,3,25
0,5,7,3,60
1,5,7,2,23
1,5,7,1,24
1,5,7,4,54
1,5,7,5,53
0,5,7,3,33
1,5,7,3,50
0,5,7,2,24
1,5,7,5,23
0,5,7,2,34
1,5,7,1,53
0,5,7,3,54
0,5,7,1,32
0,5,7,3,61
0,5,7,5,21
0,5,7,1,41
1,5,7,2,37
0,5,7,5,28
1,5,7,5,58
1,5,7,5,42
0,5,7,1,34
0,5,7,3,55
1,5,7,4,68
0,5,7,5,56
0,5,7,2,49
0,5,7,1,35
0,5,7,5,55
0,5,7,4,46
1,5,7,1,35
1,5,7,3,53
1,5,7,1,61
1,5,7,3,29
1,5,7,1,24
0,5,7,5,43
1,5,7,5,20
0,5,7,5,57
1,5,7,5,52
1,5,7,1,55
0,5,7,4,52
1,5,7,2,52
1,5,7,1,20
1,5,7,5,29
0,5,7,5,39
0,5,7,3,21
1,5,7,4,38
0,5,7,2,22
0,5,7,2,27
0,5,7,2,44
1,5,7,2,21
1,5,7,4,24
0,5,7,1,67
1,5,7,1,31
1,5,7,2,53
1,5,7,5,58
0,5,7,5,52
1,5,7,2,34
0,5,7,1,48
0,5,7,1,65
0,5,7,1,24
1,5,7,1,24
0,5,7,3,54
1,5,7,5,41
0,5,7,3,57
1,5,7,1,53
0,6,7,1,56
1,6,7,4,24
1,6,7,2,70
0,6,7,5,39
0,6,7,2,21
0,6,7,2,61
1,6,7,5,55
0,6,7,1,56
0,6,7,4,31
0,6,7,3,45
0,6,7,5,50
0,6,7,3,64
1,6,7,5,62
1,6,7,3,22
0,6,7,4,31
0,6,7,5,57
0,6,7,1,47
0,6,7,5,64
1,6,7,4,46
1,6,7,3,48
0,6,7,5,54
1,6,7,2,68
1,6,7,2,26
1,6,7,5,64
0,6,7,2,48
0,6,7,2,58
0,6,7,3,52
0,6,7,2,42
0,6,7,1,61
1,6,7,2,68
1,6,7,3,24
0,6,7,3,66
1,6,7,4,66
1,6,7,4,32
1,6,7,5,23
1,6,7,3,22
1,6,7,2,26
1,6,7,4,45
1,6,7,3,41
1,6,7,4,33
1,6,7,5,48
0,6,7,2,68
0,6,7,1,40
0,6,7,2,31
1,6,7,5,35
0,6,7,3,54
0,6,7,2,39
1,6,7,1,30
0,6,7,4,20
1,6,7,5,67
1,6,7,5,22
0,6,7,4,50
0,6,7,1,64
1,6,7,5,52
0,6,7,1,46
0,6,7,2,20
1,6,7,1,42
0,6,7,1,40
1,6,7,3,68
0,6,7,4,67
0,6,7,3,41
0,6,7,3,64
0,6,7,1,55
1,6,7,1,61
0,6,7,3,31
1,6,7,4,70
0,6,7,2,60
1,6,7,1,49
0,6,7,4,20
0,6,7,1,38
1,7,7,5,47
0,7,7,5,49
1,7,7,1,58
1,7,7,5,47
1,7,7,2,64
1,7,7,3,23
0,7,7,2,69
1,7,7,1,34
1,7,7,1,53
1,7,7,4,66
0,7,7,4,51
1,7,7,2,45
0,7,7,1,46
1,7,7,5,61
0,7,7,2,60
1,7,7,4,33
0,7,7,2,26
0,7,7,2,26
1,7,7,4,55
1,7,7,4,41
0,7,7,5,28
1,7,7,4,69
0,7,7,5,29
1,7,7,2,64
1,7,7,5,30
0,7,7,4,63
1,7,7,1,63
1,7,7,1,28
0,7,7,1,64
1,7,7,2,62
0,7,7,3,25
0,7,7,1,31
0,7,7,5,24
0,7,7,1,64
1,7,7,4,53
0,7,7,4,56
1,7,7,1,41
0,7,7,2,60
0,7,7,2,37
1,7,7,1,49
1,7,7,3,26
1,7,7,1,52
1,7,7,5,43
0,7,7,5,69
0,7,7,5,27
0,7,7,2,26
0,7,7,3,40
0,7,7,1,68
1,7,7,2,19
1,7,7,2,43
1,7,7,4,43
0,7,7,3,52
1,7,7,3,23
1,7,7,3,22
0,7,7,2,32
1,7,7,3,31
1,7,7,2,64
0,7,7,1,29
1,7,7,5,53
0,7,7,3,25
0,7,7,3,68
0,7,7,1,54
0,7,7,1,30
0,7,7,1,67
0,7,7,5,35
0,7,7,4,43
1,7,7,5,39
1,7,7,4,64
0,7,7,3,23
0,7,7,1,48
1,8,7,4,35
0,8,7,4,30
1,8,7,4,28
0,8,7,3,38
0,8,7,4,61
0,8,7,4,28
0,8,7,2,25
0,8,7,4,68
1,8,7,4,23
0,8,7,3,28
0,8,7,3,44
0,8,7,1,19
0,8,7,5,66
1,8,7,4,39
1,8,7,3,65
0,8,7,5,67
1,8,7,2,22
1,8,7,1,56
0,8,7,3,67
1,8,7,3,38
0,8,7,2,40
1,8,7,5,65
1,8,7,2,51
0,8,7,2,68
1,8,7,5,26
1,8,7,2,43
1,8,7,4,60
1,8,7,5,42
1,8,7,3,32
0,8,7,5,22
1,8,7,5,45
0,8,7,3,30
1,8,7,2,54
1,8,7,5,35
1,8,7,1,27
1,8,7,3,47
0,8,7,5,36
0,8,7,1,66
1,8,7,4,20
1,8,7,4,69
1,8,7,3,23
0,8,7,1,50
1,8,7,2,27
1,8,7,5,21
1,8,7,1,60
1,8,7,4,67
1,8,7,3,54
1,8,7,2,21
0,8,7,1,39
1,8,7,2,48
1,8,7,5,65
1,8,7,5,24
0,8,7,3,43
1,8,7,5,28
1,8,7,3,42
1,8,7,3,55
0,8,7,2,24
0,8,7,1,46
1,8,7,4,57
0,8,7,4,25
0,8,7,5,27
1,8,7,1,35
1,8,7,3,67
1,8,7,4,39
1,8,7,3,60
1,8,7,2,31
1,8,7,3,31
0,8,7,1,70
1,8,7,1,29
1,8,7,4,48
0,0,8,4,31
0,0,8,1,34
0,0,8,5,69
1,0,8,4,61
1,0,8,4,47
0,0,8,3,46
1,0,8,4,69
1,0,8,5,32
0,0,8,5,48
1,0,8,3,29
0,0,8,4,56
0,0,8,1,20
1,0,8,5,44
1,0,8,4,36
1,0,8,3,34
0,0,8,5,46
0,0,8,2,61
1,0,8,3,29
0,0,8,4,56
1,0,8,3,38
0,0,8,5,22
1,0,8,5,26
1,0,8,3,49
0,0,8,4,21
0,0,8,4,61
0,0,8,3,47
1,0,8,3,23
1,0,8,3,22
0,0,8,2,25
1,0,8,2,47
1,0,8,5,34
1,0,8,4,41
1,0,8,3,44
0,0,8,1,24
0,0,8,1,35
0,0,8,1,54
1,0,8,5,41
0,0,8,3,38
0,0,8,5,54
0,0,8,5,54
1,0,8,5,37
1,0,8,4,27
1,0,8,3,42
0,0,8,5,41
0,0,8,5,20
1,0,8,5,39
1,0,8,1,22
1,0,8,1,44
1,0,8,3,56
0,0,8,5,34
1,0,8,3,43
1,0,8,2,62
1,0,8,5,50
1,0,8,3,26
1,0,8,5,58
1,0,8,4,35
0,0,8,3,32
1,0,8,4,30
0,0,8,1,37
0,0,8,2,41
1,0,8,3,44
1,0,8,2,64
0,0,8,1,20
0,0,8,2,67
1,0,8,5,65
1,0,8,5,59
1,0,8,4,46
1,0,8,1,57
0,0,8,1,45
0,0,8,1,41
0,1,8,1,43
0,1,8,2,67
0,1,8,3,41
1,1,8,1,58
0,1,8,1,34
0,1,8,3,22
0,1,8,4,23
1,1,8,3,24
1,1,8,1,41
1,1,8,3,50
0,1,8,4,30
1,1,8,2,33
1,1,8,5,58
0,1,8,4,57
1,1,8,3,63
0,1,8,4,19
1,1,8,4,46
0,1,8,5,21
0,1,8,5,61
1,1,8,3,34
0,1,8,1,24
0,1,8,3,30
0,1,8,1,52
1,1,8,2,60
0,1,8,1,63
1,1,8,3,63
1,1,8,2,62
1,1,8,1,66
1,1,8,4,47
0,1,8,1,20
1,1,8,4,21
0,1,8,2,68
0,1,8,5,53
1,1,8,5,24
0,1,8,1,63
1,1,8,2,52
0,1,8,2,23
1,1,8,4,59
1,1,8,3,43
0,1,8,1,65
0,1,8,1,40
1,1,8,2,38
0,1,8,5,46
0,1,8,5,48
0,1,8,4,40
0,1,8,5,62
1,1,8,3,59
0,1,8,4,30
0,1,8,2,32
0,1,8,5,35
1,1,8,3,20
1,1,8,1,53
1,1,8,2,64
1,1,8,3,40
0,1,8,4,56
0,1,8,5,67
1,1,8,3,52
0,1,8,5,23
0,1,8,5,57
1,1,8,5,51
1,1,8,2,24
1,1,8,1,31
0,1,8,4,33
1,1,8,1,49
0,1,8,4,32
0,1,8,1,66
0,1,8,2,57
1,1,8,3,36
0,1,8,4,24
0,1,8,1,40
1,2,8,3,37
0,2,8,4,47
1,2,8,4,32
1,2,8,3,62
1,2,8,4,63
0,2,8,4,47
1,2,8,5,48
0,2,8,4,60
0,2,8,4,49
0,2,8,5,58
1,2,8,4,20
0,2,8,1,34
0,2,8,4,58
1,2,8,3,59
1,2,8,2,44
1,2,8,5,32
0,2,8,3,37
0,2,8,3,20
1,2,8,4,25
0,2,8,5,24
1,2,8,2,69
1,2,8,5,54
0,2,8,1,38
1,2,8,4,62
0,2,8,2,22
0,2,8,3,65
1,2,8,1,21
1,2,8,2,51
0,2,8,4,42
0,2,8,4,62
0,2,8,5,40
1,2,8,3,32
1,2,8,1,55
1,2,8,2,20
1,2,8,1,68
1,2,8,3,27
1,2,8,5,45
1,2,8,5,53
1,2,8,2,55
0,2,8,3,50
0,2,8,1,40
0,2,8,1,26
1,2,8,2,40
1,2,8,1,63
0,2,8,5,49
0,2,8,4,31
1,2,8,3,29
1,2,8,1,19
0,2,8,2,63
1,2,8,4,38
0,2,8,3,62
1,2,8,3,32
1,2,8,2,53
0,2,8,1,68
0,2,8,5,44
1,2,8,4,59
1,2,8,5,66
1,2,8,5,69
1,2,8,4,46
1,2,8,5,24
0,2,8,5,39
0,2,8,2,60
1,2,8,4,68
1,2,8,1,69
0,2,8,5,51
0,2,8,1,67
0,2,8,5,26
0,2,8,5,29
0,2,8,4,34
0,2,8,3,20
1,3,8,3,27
1,3,8,3,38
1,3,8,5,47
1,3,8,1,53
1,3,8,4,46
0,3,8,3,37
0,3,8,3,45
1,3,8,3,36
1,3,8,1,36
1,3,8,3,48
0,3,8,2,45
0,3,8,3,28
0,3,8,1,49
1,3,8,2,35
1,3,8,1,56
0,3,8,1,50
1,3,8,2,39
1,3,8,1,55
0,3,8,2,44
1,3,8,4,57
1,3,8,1,67
1,3,8,3,55
0,3,8,1,52
1,3,8,4,64
1,3,8,2,60
1,3,8,2,30
0,3,8,1,58
0,3,8,3,24
0,3,8,4,28
0,3,8,5,65
0,3,8,5,21
0,3,8,3,26
1,3,8,2,40
1,3,8,2,63
0,3,8,4,68
0,3,8,2,26
0,3,8,5,33
0,3,8,3,25
1,3,8,5,39
0,3,8,1,68
1,3,8,4,64
0,3,8,3,40
0,3,8,1,54
1,3,8,3,57
1,3,8,5,33
0,3,8,4,25
1,3,8,3,57
1,3,8,3,23
1,3,8,3,32
1,3,8,4,20
0,3,8,4,36
1,3,8,5,68
0,3,8,1,41
1,3,8,4,30
0,3,8,2,36
0,3,8,4,65
1,3,8,2,47
1,3,8,1,50
1,3,8,2,30
1,3,8,5,42
1,3,8,4,64
0,3,8,5,26
0,3,8,4,36
1,3,8,2,68
1,3,8,3,50
0,3,8,1,64
1,3,8,5,21
1,3,8,1,34
0,3,8,1,61
0,3,8,2,59
0,4,8,5,69
0,4,8,3,19
1,4,8,3,49
0,4,8,3,38
1,4,8,1,19
1,4,8,5,61
0,4,8,4,36
1,4,8,5,56
1,4,8,3,46
1,4,8,4,61
0,4,8,3,35
0,4,8,1,34
1,4,8,1,69
0,4,8,1,60
0,4,8,4,41
0,4,8,4,53
1,4,8,5,52
1,4,8,2,64
1,4,8,4,35
1,4,8,2,42
1,4,8,4,61
0,4,8,1,44
0,4,8,2,63
1,4,8,3,57
0,4,8,4,27
1,4,8,5,38
0,4,8,2,35
0,4,8,3,43
0,4,8,2,38
0,4,8,4,55
0,4,8,1,40
0,4,8,2,35
0,4,8,5,56
1,4,8,4,53
0,4,8,3,26
1,4,8,1,53
1,4,8,2,54
0,4,8,1,32
0,4,8,2,39
1,4,8,1,24
1,4,8,5,37
1,4,8,5,26
0,4,8,5,55
1,4,8,1,41
1,4,8,3,66
0,4,8,2,45
0,4,8,1,36
0,4,8,2,63
0,4,8,5,38
1,4,8,2,30
1,4,8,2,49
0,4,8,3,40
1,4,8,5,69
1,4,8,3,46
0,4,8,4,58
0,4,8,2,28
1,4,8,1,65
0,4,8,5,23
0,4,8,5,63
0,4,8,2,43
1,4,8,2,36
0,4,8,3,63
0,4,8,4,61
0,4,8,2,26
1,4,8,4,26
1,4,8,2,64
1,4,8,1,20
0,4,8,1,34
1,5,8,4,26
0,5,8,5,51
1,5,8,4,50
0,5,8,3,61
1,5,8,4,66
0,5,8,4,50
1,5,8,5,65
0,5,8,2,22
0,5,8,1,48
1,5,8,4,43
0,5,8,5,43
0,5,8,3,27
1,5,8,3,45
0,5,8,2,68
1,5,8,3,33
0,5,8,2,63
1,5,8,4,51
0,5,8,4,68
1,5,8,1,54
1,5,8,2,61
0,5,8,2,30
1,5,8,5,51
1,5,8,4,66
0,5,8,1,24
1,5,8,2,23
0,5,8,4,26
0,5,8,4,23
0,5,8,3,60
0,5,8,2,37
0,5,8,5,41
0,5,8,5,26
1,5,8,4,57
1,5,8,5,58
1,5,8,2,49
1,5,8,1,69
1,5,8,2,54
0,5,8,3,55
1,5,8,5,53
1,5,8,2,27
1,5,8,3,51
1,5,8,2,60
0,5,8,4,25
0,5,8,3,21
0,5,8,5,43
1,5,8,4,64
0,5,8,4,55
1,5,8,2,32
0,5,8,4,45
1,5,8,5,57
1,5,8,4,59
1,5,8,4,29
0,5,8,1,21
0,5,8,1,44
1,5,8,3,37
1,5,8,3,45
0,5,8,2,64
1,5,8,3,44
0,5,8,4,21
1,5,8,2,41
0,5,8,3,19
1,5,8,2,55
0,5,8,3,50
1,5,8,3,33
1,5,8,2,32
1,5,8,4,61
1,5,8,1,62
0,5,8,5,67
0,5,8,5,25
1,5,8,4,35
0,5,8,1,54
0,6,8,1,65
1,6,8,1,65
0,6,8,3,44
0,6,8,5,52
0,6,8,4,35
0,6,8,1,67
0,6,8,3,59
0,6,8,2,47
0,6,8,2,26
1,6,8,3,39
1,6,8,3,62
0,6,8,4,60
0,6,8,4,37
1,6,8,2,56
1,6,8,4,49
0,6,8,5,24
0,6,8,1,36
1,6,8,2,32
1,6,8,5,34
0,6,8,4,40
0,6,8,3,26
1,6,8,1,49
1,6,8,3,48
0,6,8,3,63
0,6,8,3,41
1,6,8,4,56
0,6,8,2,55
1,6,8,4,65
1,6,8,2,27
1,6,8,5,31
0,6,8,3,22
1,6,8,1,26
0,6,8,1,49
1,6,8,5,45
0,6,8,4,29
0,6,8,5,46
1,6,8,2,53
1,6,8,4,65
1,6,8,3,65
1,6,8,1,65
1,6,8,2,26
1,6,8,4,35
0,6,8,3,28
1,6,8,1,35
0,6,8,1,61
0,6,8,2,23
0,6,8,2,33
1,6,8,3,38
1,6,8,5,50
1,6,8,5,23
0,6,8,5,60
1,6,8,3,28
0,6,8,1,65
0,6,8,5,39
1,6,8,4,41
1,6,8,1,65
1,6,8,5,67
0,6,8,4,31
0,6,8,2,45
1,6,8,1,20
1,6,8,5,66
1,6,8,3,56
1,6,8,2,20
0,6,8,3,51
0,6,8,3,21
1,6,8,1,56
0,6,8,2,36
1,6,8,2,53
0,6,8,5,62
1,6,8,2,68
1,7,8,4,39
1,7,8,5,37
0,7,8,4,24
1,7,8,4,66
1,7,8,5,32
1,7,8,5,63
0,7,8,3,24
0,7,8,5,41
1,7,8,4,29
1,7,8,3,45
0,7,8,4,39
1,7,8,5,60
0,7,8,2,27
0,7,8,3,38
1,7,8,4,48
0,7,8,5,40
1,7,8,1,19
0,7,8,4,49
1,7,8,4,50
0,7,8,2,28
1,7,8,1,61
1,7,8,2,44
1,7,8,1,20
0,7,8,5,31
0,7,8,2,52
0,7,8,3,42
0,7,8,1,36
0,7,8,4,56
0,7,8,4,47
1,7,8,1,21
0,7,8,5,29
1,7,8,5,19
0,7,8,5,69
1,7,8,5,42
0,7,8,2,48
0,7,8,1,21
0,7,8,4,63
0,7,8,5,37
0,7,8,2,66
1,7,8,3,32
1,7,8,4,53
0,7,8,4,34
1,7,8,3,66
0,7,8,3,28
1,7,8,3,34
0,7,8,1,64
1,7,8,3,70
1,7,8,3,24
1,7,8,5,57
1,7,8,1,54
1,7,8,3,29
0,7,8,4,43
1,7,8,1,69
0,7,8,2,49
1,7,8,5,51
0,7,8,3,42
1,7,8,1,41
0,7,8,3,40
1,7,8,1,68
0,7,8,1,27
0,7,8,2,50
0,7,8,4,29
0,7,8,4,56
1,7,8,4,61
0,7,8,1,24
0,7,8,3,45
0,7,8,5,50
1,7,8,4,62
0,7,8,3,27
1,7,8,2,57
0,8,8,1,34
0,8,8,1,27
0,8,8,5,57
0,8,8,5,20
0,8,8,5,52
0,8,8,1,58
1,8,8,3,54
1,8,8,3,26
0,8,8,3,40
1,8,8,5,69
0,8,8,1,32
0,8,8,1,27
1,8,8,2,62
0,8,8,2,68
1,8,8,3,33
1,8,8,5,28
0,8,8,1,29
1,8,8,2,58
0,8,8,4,22
1,8,8,3,66
1,8,8,4,45
0,8,8,1,52
0,8,8,3,49
1,8,8,1,35
0,8,8,1,33
0,8,8,2,38
0,8,8,4,22
1,8,8,2,61
1,8,8,2,22
0,8,8,1,46
0,8,8,4,40
1,8,8,5,19
1,8,8,4,42
1,8,8,1,25
1,8,8,2,60
0,8,8,4,36
0,8,8,4,53
1,8,8,1,38
1,8,8,1,21
1,8,8,1,66
0,8,8,2,64
0,8,8,4,57
0,8,8,3,57
1,8,8,4,44
1,8,8,4,21
0,8,8,2,23
1,8,8,2,41
1,8,8,1,33
0,8,8,5,43
0,8,8,2,36
0,8,8,4,47
1,8,8,3,39
1,8,8,3,51
1,8,8,1,36
0,8,8,2,68
1,8,8,1,25
0,8,8,5,57
1,8,8,2,35
1,8,8,1,64
1,8,8,2,65
1,8,8,2,26
1,8,8,1,53
1,8,8,3,28
1,8,8,1,54
1,8,8,5,25
1,8,8,1,35
0,8,8,5,55
1,8,8,2,27
0,8,8,2,51
0,8,8,2,60
1,0,9,5,50
0,0,9,5,55
1,0,9,5,54
1,0,9,5,20
0,0,9,3,28
0,0,9,5,34
1,0,9,4,64
0,0,9,2,50
1,0,9,5,52
0,0,9,2,37
1,0,9,2,34
0,0,9,4,29
1,0,9,3,44
1,0,9,1,35
1,0,9,4,30
1,0,9,4,21
1,0,9,5,23
0,0,9,3,32
1,0,9,3,44
0,0,9,2,31
0,0,9,3,67
0,0,9,1,67
1,0,9,1,33
1,0,9,3,41
1,0,9,5,50
0,0,9,4,64
1,0,9,1,34
0,0,9,4,25
1,0,9,1,59
0,0,9,1,26
0,0,9,2,66
0,0,9,5,45
0,0,9,1,28
1,0,9,5,26
0,0,9,5,49
1,0,9,5,68
0,0,9,5,52
1,0,9,3,24
0,0,9,1,41
0,0,9,4,46
1,0,9,3,52
0,0,9,3,22
0,0,9,1,28
1,0,9,3,65
1,0,9,1,68
0,0,9,1,62
0,0,9,1,28
1,0,9,2,30
0,0,9,2,68
0,0,9,3,23
0,0,9,2,61
1,0,9,4,67
1,0,9,1,37
1,0,9,3,45
1,0,9,5,25
0,0,9,2,46
0,0,9,5,45
0,0,9,3,62
1,0,9,4,48
0,0,9,5,69
0,0,9,3,25
1,0,9,5,27
0,0,9,3,64
1,0,9,5,52
0,0,9,4,59
1,0,9,3,50
0,0,9,4,63
1,0,9,4,46
1,0,9,5,32
1,0,9,5,22
1,1,9,1,52
1,1,9,1,61
0,1,9,3,25
0,1,9,3,44
0,1,9,5,34
1,1,9,2,48
1,1,9,5,47
0,1,9,1,67
1,1,9,2,43
0,1,9,3,19
0,1,9,4,20
1,1,9,1,39
0,1,9,5,48
0,1,9,3,31
0,1,9,1,38
0,1,9,5,42
0,1,9,1,21
0,1,9,3,66
1,1,9,1,19
1,1,9,4,65
1,1,9,4,39
1,1,9,5,29
1,1,9,3,55
1,1,9,1,57
0,1,9,5,42
1,1,9,5,29
1,1,9,4,51
1,1,9,3,49
0,1,9,4,53
0,1,9,1,22
0,1,9,4,65
1,1,9,1,44
0,1,9,2,40
1,1,9,3,66
1,1,9,1,60
0,1,9,3,58
1,1,9,5,30
1,1,9,4,33
0,1,9,4,56
1,1,9,4,40
1,1,9,3,23
0,1,9,1,32
1,1,9,4,69
0,1,9,5,68
0,1,9,1,20
1,1,9,2,29
0,1,9,2,36
0,1,9,4,63
0,1,9,3,51
0,1,9,3,21
1,1,9,3,25
0,1,9,4,69
1,1,9,2,48
0,1,9,4,46
1,1,9,3,31
0,1,9,3,41
0,1,9,2,58
0,1,9,1,37
0,1,9,2,30
1,1,9,1,26
1,1,9,2,33
0,1,9,3,44
0,1,9,4,44
0,1,9,1,36
0,1,9,2,49
1,1,9,1,45
0,1,9,3,25
0,1,9,1,31
1,1,9,3,55
0,1,9,4,33
0,2,9,2,58
0,2,9,5,44
0,2,9,3,64
1,2,9,2,51
1,2,9,5,46
0,2,9,4,31
1,2,9,3,22
0,2,9,3,45
0,2,9,3,61
0,2,9,2,59
0,2,9,4,33
0,2,9,4,24
0,2,9,2,21
1,2,9,4,64
0,2,9,4,49
1,2,9,3,56
1,2,9,5,47
0,2,9,4,55
1,2,9,5,57
0,2,9,5,20
1,2,9,2,68
0,2,9,3,35
0,2,9,5,40
1,2,9,4,59
1,2,9,2,25
0,2,9,5,36
0,2,9,5,48
0,2,9,4,19
0,2,9,5,36
0,2,9,5,61
1,2,9,1,34
1,2,9,4,21
0,2,9,2,36
1,2,9,3,56
0,2,9,1,20
0,2,9,2,59
1,2,9,5,32
1,2,9,2,46
0,2,9,1,23
0,2,9,3,47
1,2,9,1,25
0,2,9,4,21
1,2,9,2,50
1,2,9,3,65
1,2,9,1,37
0,2,9,2,33
1,2,9,5,22
1,2,9,1,20
1,2,9,2,55
0,2,9,5,64
0,2,9,3,43
1,2,9,1,40
0,2,9,2,68
1,2,9,3,62
1,2,9,3,59
0,2,9,1,53
0,2,9,4,24
1,2,9,2,34
1,2,9,4,50
1,2,9,4,52
0,2,9,5,28
1,2,9,5,46
1,2,9,2,53
0,2,9,1,46
1,2,9,1,21
0,2,9,2,36
1,2,9,1,23
0,2,9,2,37
1,2,9,2,28
0,2,9,4,65
1,3,9,3,62
0,3,9,5,42
1,3,9,3,57
1,3,9,1,49
0,3,9,1,51
0,3,9,1,69
0,3,9,3,43
0,3,9,5,44
0,3,9,1,28
0,3,9,3,30
1,3,9,1,29
1,3,9,5,29
1,3,9,1,37
0,3,9,3,22
1,3,9,2,59
1,3,9,3,25
0,3,9,2,69
1,3,9,5,67
0,3,9,4,36
0,3,9,1,57
1,3,9,4,35
0,3,9,3,63
0,3,9,3,28
1,3,9,5,50
0,3,9,3,64
1,3,9,3,19
1,3,9,2,29
0,3,9,3,42
1,3,9,1,44
1,3,9,4,47
0,3,9,3,60
0,3,9,4,57
1,3,9,1,55
0,3,9,3,58
0,3,9,4,67
0,3,9,5,26
1,3,9,4,59
0,3,9,1,40
1,3,9,1,37
0,3,9,5,55
0,3,9,1,21
1,3,9,4,47
1,3,9,3,45
0,3,9,2,41
1,3,9,2,30
0,3,9,1,23
0,3,9,1,65
1,3,9,1,67
0,3,9,4,64
1,3,9,2,65
1,3,9,5,24
1,3,9,5,32
0,3,9,2,68
0,3,9,5,23
0,3,9,1,52
1,3,9,2,31
0,3,9,3,23
0,3,9,3,69
0,3,9,4,55
0,3,9,5,56
1,3,9,5,22
0,3,9,3,56
1,3,9,2,62
0,3,9,2,28
1,3,9,4,36
0,3,9,1,55
0,3,9,2,30
1,3,9,1,49
0,3,9,5,36
1,3,9,2,52
0,4,9,5,54
0,4,9,5,67
0,4,9,2,50
0,4,9,5,34
0,4,9,4,61
1,4,9,5,23
1,4,9,4,33
1,4,9,4,58
0,4,9,2,60
1,4,9,5,50
1,4,9,2,43
1,4,9,3,66
0,4,9,4,46
0,4,9,1,24
1,4,9,3,63
0,4,9,1,21
0,4,9,2,28
1,4,9,4,34
0,4,9,4,55
1,4,9,4,28
0,4,9,2,20
1,4,9,5,32
0,4,9,2,30
1,4,9,5,52
1,4,9,5,36
0,4,9,4,43
0,4,9,5,26
0,4,9,1,68
0,4,9,5,41
0,4,9,5,45
1,4,9,2,21
0,4,9,3,55
0,4,9,1,52
0,4,9,1,51
0,4,9,2,47
1,4,9,5,47
0,4,9,1,46
0,4,9,2,64
1,4,9,5,33
0,4,9,2,31
1,4,9,4,33
0,4,9,4,39
0,4,9,4,55
1,4,9,4,24
1,4,9,1,69
1,4,9,2,38
1,4,9,5,40
1,4,9,2,54
1,4,9,2,37
1,4,9,4,43
1,4,9,4,53
1,4,9,5,41
1,4,9,2,65
0,4,9,3,36
1,4,9,4,49
0,4,9,3,47
1,4,9,2,51
1,4,9,4,60
0,4,9,2,25
0,4,9,1,38
0,4,9,2,48
0,4,9,3,37
0,4,9,1,27
1,4,9,4,43
0,4,9,5,39
0,4,9,2,45
0,4,9,5,66
1,4,9,1,21
0,4,9,1,49
0,4,9,5,25
0,5,9,5,27
0,5,9,2,27
0,5,9,1,64
1,5,9,2,54
1,5,9,4,49
1,5,9,4,57
1,5,9,2,27
1,5,9,5,67
1,5,9,4,51
0,5,9,1,31
0,5,9,2,28
0,5,9,5,27
1,5,9,5,62
0,5,9,2,67
0,5,9,5,52
0,5,9,4,26
0,5,9,2,53
0,5,9,2,36
1,5,9,2,68
1,5,9,2,59
0,5,9,1,58
1,5,9,4,69
1,5,9,4,67
1,5,9,5,25
0,5,9,2,37
1,5,9,5,70
0,5,9,1,42
1,5,9,3,62
1,5,9,4,32
0,5,9,3,44
1,5,9,2,52
0,5,9,5,42
0,5,9,1,49
1,5,9,2,44
1,5,9,4,36
1,5,9,2,34
0,5,9,3,32
1,5,9,4,37
0,5,9,3,60
1,5,9,3,41
1,5,9,5,30
1,5,9,3,49
0,5,9,5,20
0,5,9,5,67
0,5,9,5,55
0,5,9,3,37
1,5,9,2,52
0,5,9,5,66
1,5,9,1,46
0,5,9,1,60
0,5,9,1,65
0,5,9,1,67
1,5,9,5,63
1,5,9,5,32
0,5,9,4,60
1,5,9,5,46
1,5,9,1,48
0,5,9,1,69
0,5,9,2,23
0,5,9,2,31
0,5,9,4,63
0,5,9,1,50
0,5,9,3,28
0,5,9,3,56
1,5,9,4,37
0,5,9,5,52
1,5,9,3,29
1,5,9,3,42
0,5,9,5,24
0,5,9,4,44
1,6,9,4,50
1,6,9,5,43
0,6,9,3,60
1,6,9,5,40
1,6,9,4,24
0,6,9,4,46
0,6,9,2,33
1,6,9,1,53
1,6,9,5,53
0,6,9,1,23
1,6,9,1,56
1,6,9,5,61
1,6,9,1,67
1,6,9,1,33
0,6,9,1,70
0,6,9,3,38
1,6,9,5,65
1,6,9,2,30
0,6,9,4,24
0,6,9,1,60
1,6,9,2,58
1,6,9,1,65
1,6,9,5,25
1,6,9,3,26
1,6,9,3,53
1,6,9,3,49
1,6,9,3,34
0,6,9,2,22
1,6,9,1,37
0,6,9,5,44
0,6,9,2,55
1,6,9,4,58
0,6,9,4,62
1,6,9,2,43
1,6,9,1,39
0,6,9,1,69
1,6,9,2,37
1,6,9,1,45
1,6,9,5,60
1,6,9,1,50
0,6,9,1,63
0,6,9,1,25
1,6,9,3,66
1,6,9,4,49
0,6,9,4,57
1,6,9,4,53
1,6,9,2,46
1,6,9,2,61
0,6,9,1,32
0,6,9,5,24
0,6,9,1,34
1,6,9,5,54
1,6,9,2,64
0,6,9,5,68
0,6,9,4,39
0,6,9,2,45
0,6,9,1,64
1,6,9,2,50
1,6,9,4,45
0,6,9,5,27
1,6,9,3,44
0,6,9,5,19
1,6,9,1,51
0,6,9,4,21
1,6,9,4,50
0,6,9,4,20
0,6,9,3,59
1,6,9,2,41
0,6,9,4,65
0,6,9,2,19
1,7,9,1,40
1,7,9,3,70
1,7,9,1,56
0,7,9,2,33
0,7,9,1,64
1,7,9,1,46
0,7,9,3,38
1,7,9,4,47
1,7,9,4,32
0,7,9,2,22
1,7,9,3,41
1,7,9,5,60
1,7,9,1,66
0,7,9,3,46
1,7,9,1,31
0,7,9,1,31
1,7,9,2,34
0,7,9,2,37
1,7,9,2,48
1,7,9,4,47
0,7,9,3,34
0,7,9,3,58
1,7,9,4,38
1,7,9,1,52
0,7,9,5,40
1,7,9,3,32
1,7,9,1,64
1,7,9,5,37
0,7,9,4,55
0,7,9,4,41
0,7,9,4,38
0,7,9,5,24
0,7,9,1,48
0,7,9,5,46
1,7,9,3,31
0,7,9,1,56
1,7,9,2,69
1,7,9,5,40
1,7,9,5,21
1,7,9,1,37
1,7,9,2,25
0,7,9,5,25
0,7,9,5,57
1,7,9,5,58
1,7,9,3,29
0,7,9,1,60
1,7,9,5,51
1,7,9,5,42
1,7,9,5,23
0,7,9,2,43
1,7,9,4,20
0,7,9,2,46
0,7,9,1,26
1,7,9,3,69
0,7,9,5,23
0,7,9,4,65
0,7,9,1,27
1,7,9,1,26
1,7,9,4,30
1,7,9,2,44
0,7,9,1,68
0,7,9,5,20
1,7,9,5,21
1,7,9,4,52
0,7,9,1,69
1,7,9,5,24
1,7,9,1,49
0,7,9,4,61
1,7,9,1,38
1,7,9,2,56
1,8,9,5,53
1,8,9,2,20
0,8,9,1,59
1,8,9,2,23
1,8,9,2,53
0,8,9,5,45
1,8,9,5,45
1,8,9,5,57
0,8,9,1,56
1,8,9,1,40
0,8,9,2,19
1,8,9,2,32
1,8,9,1,60
1,8,9,1,36
0,8,9,2,58
1,8,9,4,66
0,8,9,2,24
0,8,9,2,65
0,8,9,4,30
0,8,9,4,56
1,8,9,1,24
1,8,9,3,30
0,8,9,3,22
0,8,9,4,62
1,8,9,4,58
0,8,9,1,35
1,8,9,4,29
1,8,9,2,28
1,8,9,1,41
1,8,9,5,60
1,8,9,1,48
0,8,9,1,31
0,8,9,4,60
0,8,9,1,57
0,8,9,3,59
0,8,9,5,53
0,8,9,3,24
1,8,9,4,36
0,8,9,1,60
1,8,9,3,46
0,8,9,5,42
0,8,9,2,51
1,8,9,3,70
0,8,9,5,32
0,8,9,1,56
1,8,9,5,62
1,8,9,2,63
0,8,9,2,36
0,8,9,5,65
1,8,9,4,23
0,8,9,2,28
1,8,9,1,20
0,8,9,5,54
0,8,9,2,69
0,8,9,3,49
1,8,9,4,29
0,8,9,4,46
1,8,9,2,60
1,8,9,5,63
1,8,9,5,63
1,8,9,1,41
0,8,9,3,30
1,8,9,5,21
1,8,9,2,57
1,8,9,4,41
0,8,9,4,68
1,8,9,2,42
1,8,9,4,48
1,8,9,3,55
0,8,9,5,38
